Shrub_ID,D1,D2,H,Volume,S.density grouping,Canopy,Skat.2013,Skat.2014,X,Y,RDM.2013,RDM.2014,Shrub.density,Dx,Burrows,Trails
1,5.1,3.5,1.6,14.95,2,7,1,0,697267.9637,4062667.19,0.582727909,1.035003901,0.002228318,,,
2,2.6,2.8,1.1,4.19,2,10,0,0,697272.85,4062667.19,1.087432742,0.77066958,0.00228031,,,
3,2.8,1.6,1.4,3.28,2,8,0,0,697277.7362,4062676.294,1.551373363,1.020897508,0.002722799,,,
4,3.4,2.9,1.5,7.74,2,6,0,0,697282.6225,4062685.399,2.562836647,0.965564311,0.002854859,,,
5,2.9,3.6,1.5,8.2,2,4,0,0,697277.5545,4062695.828,6.442046165,1.27820158,0.003084012,,,
6,2.7,2.6,0.8,2.94,2,5,0,0,697277.3831,4062707.147,8.628020287,1.687330246,0.002632798,,,
7,2.3,1.7,1,2.05,2,6,0,0,697283.7757,4062712.956,9.759580612,1.321230292,0.002537653,,,
8,2.5,2.6,1.6,5.45,2,3,0,0,697286.3443,4062702.358,7.915065289,0.997401714,0.002854859,,,
9,2.9,2.3,1.1,3.84,2,6,0,0,697285.1241,4062697.113,5.027719975,0.992733598,0.002469915,,,
10,3.1,3.6,1.8,10.52,2,7,0,0,697271.0511,4062725.873,6.834246159,2.03653121,0.002015125,18.19333333,3,0
11,2.5,2.8,1,3.67,2,2,0,0,697290.0735,4062730.641,4.18708849,1.928268552,0.001638502,,,
12,1.5,1.3,0.8,0.82,2,8,0,0,697267.3357,4062755.205,5.409973621,2.298109055,0.001698039,,,
13,2.2,2.2,1.3,3.29,2,8,0,0,697269.3575,4062760.58,6.942149162,2.089686871,0.002104711,15.76666667,4,4
14,2,2.3,1.3,3.13,2,9,0,0,697256.9193,4062761.07,6.150328636,1.580214143,0.00311926,,,
15,5.2,4.1,1.8,20.09,2,3,0,0,697242.3519,4062760.846,2.945753574,1.721379042,0.003434217,,,
16,3.1,3.5,1.5,8.52,2,3,0,0,697231.8127,4062775.922,5.599879742,1.4256953,0.003740633,,,
17,4.78,6.2,2.15,33.36,2,4.5,0,0,697231.4835,4062770.808,6.290275097,1.413708448,0.003313889,,,
18,4,3.5,1.8,13.19,2,5,0,0,697232.4282,4062764.724,2.876213789,1.829805732,0.002816746,,,
19,5,4.7,1.8,22.15,2,6,0,0,697232.641,4062724.433,2.367727041,1.932037473,0.00095162,,,
20,5.5,6.4,2,36.86,2,4,0,0,697229.1387,4062705.702,1.968562722,1.596901536,0.00095162,,,
21,2.1,1.7,1.8,3.36,2,5,0,0,697229.1387,4062705.702,1.968562722,1.596901536,0.00095162,,,
22,3.3,3.1,1.5,8.03,2,9,0,0,697256.5415,4062657.156,0.057823014,0.654188752,0.001586033,,,
23,4.3,3.6,1.4,11.35,2,8,0,0,697262.7917,4062641.981,1.021729708,0.160401598,0.001586033,,,
24,4.7,3.1,1.5,11.44,2,5,0,0,697273.7192,4062621.696,1.086491108,0.334020495,0.000634413,,,
25,4.3,3.8,1.5,12.83,2,8,0,0,697274.4857,4062790.227,3.84706831,2.833235979,0.003074172,,,
26,2.7,2.7,1,3.82,2,8,0,0,697294.3511,4062773.922,12.5200386,1.441747427,0.001347118,,,
27,4.1,3.7,1.2,9.53,2,7,0,0,697288.0088,4062793.092,6.825844765,2.87902379,0.001644435,15.35,7,3
28,3.6,3.6,1.2,8.14,2,8,0,0,697279.9437,4062801.676,2.930839062,3.164548397,0.0023581,,,
29,2.6,2.4,1.2,3.92,2,0,0,0,697295.7642,4062813.474,3.717809916,2.434756994,0.002396541,,,
30,4.7,3.9,1.5,14.4,2,7,0,0,697304.8397,4062827.005,4.678003788,3.105525494,0.001509251,,,
31,5.3,4.3,1.8,21.48,2,7,0,0,697307.8978,4062837.843,10.89518738,3.462647915,0.002467377,,,
32,2.9,2.9,1.1,4.84,2,10,0,0,697309.6923,4062845.322,5.155793667,3.725800753,0.002468585,,,
33,2.3,2.3,1.2,3.32,2,9,0,0,697267.4642,4062819.483,7.42775631,2.468368769,0.003726622,,,
34,2.2,2.4,1,2.76,2,7,0,0,697265.9882,4062833.103,9.571037292,2.002275229,0.004000547,,,
35,1.5,1.7,1,1.34,2,10,0,0,697262.825,4062834.584,10.96361828,2.300938368,0.003916183,,,
36,1,0.6,0.7,0.22,2,10,0,0,697264.0633,4062831.282,9.775492668,2.197652102,0.003839922,,,
37,4.1,3.5,1.7,12.77,2,8,0,0,697268.661,4062837.383,11.54685307,2.353012085,0.004023789,,,
38,3.2,2.6,1.2,5.23,2,8,0,0,697275.0461,4062835.754,11.28787327,2.388952017,0.003954075,,,
39,1.7,2.1,1.1,2.06,2,7,0,0,697280.0624,4062846.971,12.60861397,3.032647848,0.005116056,,,
40,2,2,0.7,1.47,2,9,0,0,697260.4045,4062846.518,15.45697021,2.992639303,0.004440892,,,
41,5.7,6.6,3.6,70.91,2,10,0,0,697238.1376,4062839.011,13.43883324,2.506487846,0.002905194,,,
42,2.9,2.7,1.3,5.33,2,2,0,0,697240.4505,4062839.508,15.29260826,2.628043652,0.002853528,,,
43,4.2,4.3,1.5,14.18,2,5,0,0,697224.9314,4062818.503,7.375297546,0.921904504,0.002222338,,,
44,4.4,3.4,2,15.67,2,4,0,0,697225.598,4062808.971,6.674341202,0.559673667,0.002533491,5.4,2,3
45,2.2,2.1,1.5,3.63,2,6,0,0,697222.2971,4062804.788,5.76249361,0.605806589,0.002778411,,,
46,3.2,3.3,1.9,10.51,2,6,0,0,697221.1304,4062801.097,5.901783943,0.740228593,0.003096005,,,
47,3.7,2.8,1.3,7.05,2,8,0,0,697249.4634,4062805.303,5.302103043,1.843935013,0.004177536,,,
48,4,4.4,1.1,10.14,2,6,0,0,697251.6849,4062790.367,5.170566082,2.048469782,0.003873859,8.19,0,2
49,3,2.6,0.9,3.68,2,7,0,0,697248.139,4062781.294,5.038375378,2.058034182,0.00404829,7.85,1,2
50,4.5,3.6,1.8,15.27,2,5,0,0,697244.2864,4062785.535,5.605894566,1.92624414,0.004410059,5.07,2,3
51,3.5,3.6,1.6,10.56,2,5,0,0,697238.1413,4062788.39,7.529345512,1.778471947,0.003913649,10.03,2,5
52,5.9,6.6,2.1,42.82,2,7,0,0,697205.2308,4062781.082,2.609852791,1.498072028,0.001785428,16.79,4,8
53,4.1,4,0.9,7.73,2,4,0,0,697279.5057,4062851.731,12.70313835,3.408957243,0.004771152,,,
54,2,2.8,0.8,2.35,2,7,0,0,697286.7713,4062858.448,12.172822,3.690041542,0.004428287,,,
55,3.9,2.7,1.5,8.27,2,7,0,0,697305.4692,4062861.765,8.852051735,4.518601418,0.003172066,,,
56,4.6,3.7,1.5,13.37,2,4,0,0,697313.9191,4062875.281,12.25582027,3.524012804,0.003172066,,,
57,2,2.2,0.8,1.84,2,5,0,0,697288.7237,4062878.475,15.69738674,4.865007877,0.003935664,,,
58,2.4,3.4,1,4.27,2,5,0,0,697287.5136,4062876.671,15.22667122,4.881540298,0.004036642,,,
59,5.4,2.7,1.1,8.4,2,3,0,0,697282.326,4062876.773,13.77204323,5.131548882,0.004300586,,,
60,3.1,2.3,1.3,4.85,2,6,0,0,697268.9616,4062863.144,9.003207207,4.407445908,0.004524138,,,
61,2.8,2.7,1,3.96,2,9,0,0,697261.3964,4062888.835,10.84455204,5.427655697,0.002696012,,,
62,3.2,2.7,1.2,5.43,2,4,0,0,697261.1128,4062897.265,7.422729492,5.460683823,0.002293868,,,
63,2.9,2.5,1.2,4.56,2,7,0,0,697299.3128,4062896.148,12.97734451,4.082183361,0.002854859,,,
64,2.4,2.2,1.1,3.04,2,5,0,0,697297.5028,4062897.105,14.03380394,4.145676136,0.002854859,,,
65,3.6,4.1,1.7,13.14,2,7,0,0,697302.259,4062896.327,12.94705009,3.91206789,0.002828915,,,
66,2.3,2.3,0.8,2.22,2,3,0,0,697287.7781,4062911.756,8.495334625,3.824005604,0.002371172,,,
67,5.2,4.7,1.6,20.47,2,4,0,0,697279.9583,4062913.574,9.797991753,3.973748922,0.002763864,,,
68,1.5,3.1,1.4,3.41,2,3,0,0,697275.4443,4062927.124,5.119946957,2.554446459,0.002506128,,,
69,7.5,7.9,2.1,65.15,2,5,0,0,697256.7772,4062922.476,3.962082148,3.746718407,0.002686502,,,
70,3.6,2.5,1,4.71,2,10,0,0,697248.2473,4062939.597,2.100498438,3.920686245,0.002727139,,,
71,3.6,4,1.2,9.05,2,9,0,0,697250.1234,4062951.296,4.573806286,3.317151546,0.002547752,,,
72,3.9,3.1,1.5,9.5,2,7,0,0,697254.2438,4062954.832,5.376422882,2.497478008,0.002289223,8.63,1,4
73,5.1,3.2,1.4,11.96,2,7,0,0,697272.3853,4062947.369,13.28024864,1.396285653,0.002888387,13.05,4,6
74,2.3,1,0.8,0.96,2,3,0,0,697276.4801,4062952.015,12.20398426,1.18122232,0.002419694,9.73,4,1
75,6.8,5.4,1.2,23.07,2,8,0,0,697287.9606,4062954.277,13.5177002,1.458872914,0.001317582,19.99,3,7
76,4.3,2.6,1.1,6.44,2,8,0,0,697258.7903,4062967.037,14.25236702,1.76390028,0.002093863,16.57,6,6
77,3.5,4.9,1.5,13.47,2,4,0,0,697228.6076,4063039.275,6.470889568,6.693620205,0.000928891,37.53333333,8,7
78,4.9,4.2,1.7,18.32,2,5,1,0,697199.4941,4063041.824,4.653241634,11.80771065,0.00084172,27.43666667,13,10
79,6.1,5.6,1.9,33.98,2,5,1,0,697226.7345,4063008.038,3.975512266,3.071834087,0.000905389,32.86666667,7,9
80,2,2,1,2.09,2,3,0,0,697199.9314,4063003.425,1.976987123,8.082052231,0.000634413,,,
81,4.6,3.7,1.5,13.37,2,8,0,0,697208.3238,4062965.097,2.915455818,4.131126404,0.000535703,,,
82,6.2,5.3,1.2,20.65,2,6,0,0,697231.6607,4062945.542,3.901022434,4.336822033,0.001477901,14.63,3,5
83,6.7,5.3,1.5,27.89,2,5,0,0,697241.3248,4062898.586,13.32035637,4.624540329,0.001268826,21.87,1,7
84,8.3,6.7,2,58.23,2,6,0,0,697240.5495,4062866.264,2.728655815,4.526287079,0.001886363,24.07,3,9
85,3.6,3.5,1.5,9.9,2,10,0,0,697205.5505,4063112.677,6.003079414,5.356284618,0.002250239,,,
86,4.4,4.1,1.3,12.28,2,5,0,0,697270.066,4063075.199,8.59671402,11.80853653,0.001268826,,,
87,1.7,1.3,0.9,1.04,2,6,0,0,697261.432,4063077.442,7.71275425,10.82586956,0.001586033,7.23,1,2
88,3.3,1.5,0.9,2.33,2,6,0,0,697259.9282,4063080.627,8.392770767,11.60151768,0.001586033,8.87,4,1
89,3.7,2.2,1,4.26,2,5,0,0,697249.1905,4063088.816,9.879372597,11.2970562,0.001586033,,,
90,2.6,2.7,0.9,3.31,2,0,0,0,697247.5486,4063101.878,9.567908287,14.23711395,0.001757444,,,
91,4.6,4,1.4,13.49,2,8,0,0,697254.0757,4063125.118,10.05420399,9.817329407,0.001216365,,,
92,2.9,2.6,1.4,5.53,2,0,0,0,697231.8194,4063128.824,7.443191051,11.46532822,0.001698946,,,
93,2.1,2.5,1.3,3.57,2,7,0,0,697209.0222,4063124.968,5.726096153,7.259711266,0.002220446,10.66666667,0,2
94,3.5,2.1,1.1,4.23,2,6,0,0,697201.5678,4063122.576,6.229221821,4.599264145,0.002329813,,,
95,3.2,3.1,1.4,7.27,2,4,0,0,697196.314,4063121.678,5.425414085,3.153199673,0.002537653,,,
96,2.8,2.5,1.2,4.4,2,1,0,0,697195.8899,4063136.211,4.119497299,5.096074104,0.002278548,,,
97,2.8,3.4,1.4,6.98,2,7,0,0,697188.9229,4063139.824,4.913752079,4.522604465,0.002581675,,,
98,3.5,3,1.6,8.8,2,4,0,0,697235.416,4063147.334,6.609622002,10.92457962,0.001200747,25.36666667,6,5
99,4.2,2.3,1.2,6.07,2,3,0,0,697233.1639,4063163.601,8.315073013,9.129667282,0.001268826,,,
100,3.9,3.8,1.7,13.19,2,3,0,0,697169.1021,4063150.358,7.224388123,4.396848679,0.002127246,,,
101,2.7,2,1.5,4.24,2,5,0,0,697165.0199,4063156.813,6.63598156,3.765366077,0.002516638,,,
102,4.1,0,1.7,10.22,2,2,0,0,697145.4014,4063135.269,3.089294195,4.924665928,0.002796134,17.63333333,5,3
103,5.6,3.2,1.6,15.01,2,5,0,0,697135.1441,4063118.715,3.198038101,5.287973404,0.001329465,,,
104,3,2.6,1.4,5.72,2,6,1,0,697130.4851,4063115.277,7.605391979,7.225037098,0.001257895,,,
105,4.7,4.8,1.7,20.08,2,2,0,0,697158.5746,4063118.366,4.051228523,5.908001423,0.001723623,,,
106,4.3,4.1,1.9,17.54,2,6,0,0,697169.1666,4063116.501,5.883913517,5.310062885,0.001903975,,,
107,3.6,4.5,2,16.96,2,7,0,0,697182.7586,4063096.943,3.174701452,3.997606993,0.0020481,20.91666667,5,3
108,4.1,2.3,0.7,3.46,2,0,0,0,697189.6238,4063074.456,2.497557402,4.233401775,0.00095162,,,
109,3.9,3.7,1.9,14.36,2,6,1,0,697181.4648,4063067.718,4.868175983,6.006440639,0.001093081,18.01,4,10
110,3.8,4,1.7,13.53,2,8,0,0,697215.8548,4063185.404,13.50354576,6.214617252,0.001268826,14.78333333,2,6
111,4.11,3.8,1.5,12.27,2,6,0,0,697224.2384,4063186.263,8.58039856,8.16864109,0.001268826,15.07333333,2,7
112,3.49,3.3,1.25,7.54,2,3,0,0,697201.1067,4063193.057,11.61568165,4.664485455,0.002220446,16.71666667,7,5
113,2.42,2.25,1,2.85,2,4,0,0,697188.2423,4063212.076,11.83094978,5.213627815,0.002460258,,,
114,3.2,3.1,1.55,8.05,2,6,0,0,697181.3242,4063205.811,3.505025387,5.362333775,0.003381555,,,
115,2.5,2.45,1.4,4.49,2,7,0,0,697175.7921,4063205.351,4.495587349,4.959824085,0.003525982,,,
116,2.28,2,0.95,2.27,2,4,0,0,697179.92,4063208.554,4.420042038,4.986065388,0.003303636,,,
117,4.1,3.5,1.11,8.34,2,4,0,0,697166.1396,4063213.01,8.240912437,5.028507233,0.003489272,9.53,7,4
118,5.2,3.8,1.23,12.73,2,5,0,0,697161.442,4063226.778,9.559895515,5.288175583,0.003104055,11.26333333,2,3
119,3.2,3.15,1.25,6.6,2,6,0,0,697156.2218,4063205.011,5.557690144,5.509449005,0.00483802,,,
120,3.45,3.15,1.05,5.97,2,7,0,0,697164.2993,4063195.872,2.732089043,4.132212162,0.003701223,11.52666667,8,8
121,4.2,3.9,1,8.58,2,5,0,0,697162.0938,4063186.83,2.952770233,3.498012304,0.003717434,9.57,8,6
122,1.78,1.67,0.95,1.48,2,4,0,0,697157.8407,4063185.177,3.65478301,3.453974485,0.003781761,8.87,1,1
123,4.45,3.2,1.73,12.9,2,7,0,0,697144.2846,4063207.067,12.34423256,4.666087151,0.004440892,4.47,1,1
124,2.65,2.48,1.74,5.99,2,3,0,0,697131.4946,4063211.213,3.395221472,3.891653538,0.003313209,3.7,3,0
125,3.76,2.97,1.02,5.96,2,6,0,0,697129.654,4063213.502,3.146802664,3.881361723,0.003282528,3.23,2,1
126,2.53,2.53,0.91,3.05,2,4,0,0,697131.5584,4063216.21,2.52179575,4.017976284,0.003250698,9.27,6,0
127,4.14,2.88,1,6.24,2,3,0,0,697136.6307,4063228.871,6.244924068,4.080268383,0.003489272,9.3,1,3
128,3.42,2.56,1.16,5.32,2,5,0,0,697126.1002,4063224.188,2.003823042,3.238343477,0.003321786,6,4,1
129,5.1,3.63,1.49,14.44,3,7,0,0,697115.659,4063223.392,0.596529424,2.459992886,0.003795987,8.83,0,0
130,5.53,4.34,0.97,12.19,2,5,0,0,697113.4762,4063236.663,1.766556144,1.433830023,0.003173152,6,0,2
131,2.46,1.02,0.89,1.17,3,5,0,0,697105.6286,4063239.702,2.964588165,0.340850115,0.003880251,,,
132,3.4,2.3,0.97,3.97,2,5,0,0,697113.716,4063245.661,2.647430658,1.780094147,0.002794793,,,
133,2.8,3.3,0.89,4.31,2,6,0,0,697104.0406,4063254.319,1.348756433,0.426496297,0.003279851,,,
134,3,2.9,1.45,6.61,3,5,0,0,697090.7452,4063264.891,0.459372491,0.61738348,0.003992372,5.35,0,0
135,3.4,3.7,0.82,5.4,3,6,0,1,697087.5312,4063256.936,0.212037951,0.845255911,0.004088613,5.28,2,3
136,1.9,2,0.64,1.27,3,4,0,1,697081.7439,4063255.914,0.137882471,0.903564155,0.004137717,,,
137,2.5,3,1.4,5.5,3,4,1,1,697081.2665,4063261.121,0.270474195,0.951108098,0.004295069,6.066666667,1,1
138,0.65,0.7,0.93,0.22,3,2,0,0,697077.7384,4063266.812,0.560421169,1.174865723,0.004707104,5.84,0,2
139,2.8,3.45,0.97,4.91,3,7,0,0,697073.5415,4063270.49,0.891864777,1.793105602,0.005364235,6.783333333,2,4
140,3.8,4.8,1.12,10.7,3,6,0,0,697066.6209,4063252.68,0,1.304636717,0.00498257,14.19666667,2,2
141,2.25,1,0.77,0.91,3,5,0,0,697077.6033,4063241.61,0.031190122,0.575199842,0.004980423,,,
142,4.3,4.05,1.4,12.77,3,5,0,0,697056.0267,4063227.459,0,0.266633958,0.005648811,,,
143,2.15,2.1,1.07,2.53,3,3,0,0,697061.2014,4063224.026,0,0.2587277,0.005126265,,,
144,1.67,1.55,2.53,3.43,3,4,0,0,697062.3323,4063221.498,0,0.277162313,0.005667009,6.2,2,2
145,2.88,4.9,1.24,9.16,3,4,0,0,697061.0891,4063209.481,1.078570843,0.963047683,0.004983255,7.89,0,1
146,4.4,3.8,1.5,13.13,3,3,1,0,697055.0516,4063203.791,0.675124645,0.643420577,0.004200798,7.233333333,0,3
147,5.5,3.8,1.6,17.51,3,4,1,1,697064.9364,4063201.576,1.665714383,1.150996804,0.004846314,,,
148,3.4,3.8,1.1,7.44,3,5,1,1,697074.5555,4063210.901,0.020625416,0.45735538,0.004555604,8.51,2,1
149,4,3.9,1.6,13.07,3,6,1,0,697079.9471,4063217.464,0.033863541,0.348199219,0.004129209,8.82,1,1
150,2.53,2.72,1.46,5.26,3,4,0,0,697082.237,4063222.845,0.063749246,0.438348651,0.004587358,8.82,0,11
151,2.3,1.75,1.27,2.68,2,3,0,1,697086.5872,4063208.625,0.05617962,0.212048694,0.003389124,8.82,0,3
152,4.22,3.73,1.82,15,2,5,0,0,697090.6054,4063208.828,0.233696416,0.236975372,0.003031092,9.08,0,4
153,3.75,2.65,1.55,8.07,2,1,0,0,697098.6138,4063206.57,0.242893651,0.46103707,0.002655776,9.08,0,1
154,3.3,4.37,1.53,11.55,2,4,0,0,697124.0994,4063179.072,2.26227808,0.839420974,0.001345626,14.21666667,3,5
155,5.5,5.2,1.9,28.45,2,7,1,1,697133.2589,4063192.826,3.773242474,3.102274895,0.003443649,,,
156,4.26,3.95,1.43,12.6,2,5,0,0,697130.52,4063172.004,2.524341345,1.530469298,0.002200743,14.46333333,12,12
157,5.42,5.09,1.59,22.97,2,5,0,0,697133.1548,4063158.521,4.557208538,2.430210829,0.002115085,13.13333333,2,1
158,3.82,2.49,1.33,6.62,2,0,0,0,697149.4015,4063151.791,5.079460621,3.358320951,0.002220446,,,
159,2.5,2.2,1.3,3.74,2,8,1,0,697159.6102,4063166.569,5.875579834,3.254158258,0.002854859,,,
160,3.8,4,1.12,8.91,3,5,0,0,697070.9656,4063277.535,1.478896976,2.209931135,0.005459402,,,
161,3.4,3.5,1.72,10.72,3,5,0,0,697083.4438,4063286.925,2.508885622,1.735577822,0.003263702,8.966666667,2,6
162,2.8,2.8,0.97,3.98,3,5,0,0,697082.5298,4063299.448,3.666121006,3.508858442,0.001783083,11.15,2,2
163,4.3,4.1,1.63,15.05,3,4,0,0,697068.844,4063295.914,4.350525379,2.871015549,0.003151313,,,
164,5,4.75,1.17,14.55,3,6,0,0,697051.6022,4063291.521,3.387563467,3.047639847,0.003948579,,,
165,4.6,3.9,2.15,20.2,3,5,0,0,697049.7335,4063283.374,4.364216328,3.304659843,0.004146194,,,
166,3.3,2.3,0.97,3.85,3,5,0,0,697053.0651,4063270.684,3.403878212,2.851406097,0.004938121,,,
167,3.8,2.7,0.97,5.21,3,4,0,0,697049.2256,4063270.485,2.730338097,2.798062325,0.004771771,4.8,7,4
168,5.4,3.5,0.94,9.3,3,7,0,0,697051.1199,4063261.981,1.064097762,2.137363911,0.004684798,4.906666667,1,10
169,4.9,3.7,1.45,13.76,3,7,0,0,697042.1313,4063264.105,1.801912665,2.208999872,0.005205011,,,
170,4,2.7,0.89,5.03,3,4,0,0,697037.4442,4063269.659,1.473559976,2.383542061,0.004805035,,,
171,2.9,2.3,0.97,3.39,3,4,0,0,697038.6108,4063281.12,3.081497192,2.761554718,0.00459487,,,
172,4.5,3.3,1.37,10.65,3,5,0,0,697042.0877,4063297.074,2.735991478,2.352355719,0.003742403,,,
173,4,2.6,1.19,6.48,3,4,0,0,697028.458,4063310.526,2.330767155,1.235167265,0.002424484,8.466666667,2,3
174,1.7,1.5,0.94,1.26,3,3,0,0,697018.7701,4063288.656,0.864347756,1.19462657,0.004263199,,,
175,2.5,2.2,1.12,3.23,3,2,0,0,697015.9467,4063279.266,0.288774461,0.392158091,0.004462854,,,
176,2.8,2.4,1.14,4.01,3,5,0,0,697016.5262,4063273.507,0.475138754,1.20024693,0.004758099,,,
177,3.1,2.9,1.45,6.83,3,6,0,0,697007.5708,4063281.959,0.311085224,0,0.003741312,,,
178,5.8,4.7,1.75,24.98,3,4,0,0,697014.0779,4063298.316,0.134629294,0.993438005,0.003993359,4.566666667,4,4
179,3.1,2.8,0.98,4.45,3,4,0,0,697009.9449,4063299.22,0.112894788,0.707575798,0.003614545,,,
180,5.2,3.9,1.24,13.17,3,5,0,0,696995.1052,4063303.097,0.132775903,0.787811875,0.003973247,13.17,0,5
181,2.9,3,1.34,6.1,3,4,0,0,696996.5603,4063286.479,0.410816878,0.520487905,0.00318071,12.8,4,1
182,4.9,3,1.9,14.62,3,7,1,1,696978.5424,4063276.962,0.017785169,0.404790282,0.002982739,,,
183,4.3,3.3,1.7,12.63,3,5,1,1,696983.9314,4063244.782,0.007797989,0,0.002491624,,,
184,3,3.9,1.71,10.48,3,5,0,0,696996.7978,4063252.849,0,0,0.003839893,10.77,2,1
185,4.6,4.8,2.05,23.7,3,5,0,1,697005.0435,4063255.814,0,0,0.00443993,,,
186,2.4,2.3,1.42,4.1,3,3,0,0,696996.328,4063234.41,0,0,0.003220405,6.15,1,2
187,2.8,2.3,1.28,4.32,3,3,0,0,697002.4702,4063235.551,0,0,0.004057215,8.566666667,3,0
188,4.07,3.3,1.99,13.99,3,7,0,0,697026.9189,4063253.098,0.273651898,1.056274295,0.005516039,7.48,0,2
189,2.1,1.63,1.11,1.99,3,5,0,0,697021.4558,4063249.642,0.206726596,0.674471021,0.004928773,6.24,2,2
190,5,4.6,1.48,17.82,3,7,0,1,697018.1881,4063244.016,0,0.140805393,0.004352856,,,
191,3.9,3.1,1.23,7.79,3,3,0,0,696999.2357,4063224.597,0.129655585,0,0.003320572,8.24,0,5
192,4.2,1.6,1.77,6.23,3,5,0,0,697022.454,4063233.457,0,0,0.004096943,5.08,0,6
193,3.32,2.9,1,5.04,3,5,0,0,697026.5079,4063232.108,0,0.012964464,0.004201631,,,
194,2.2,1.84,1.13,2.4,3,3,0,0,697029.6837,4063237.842,0,0.287341923,0.004122969,,,
195,3.25,2.5,1.34,5.7,3,3,0,0,697024.7695,4063226.073,0,0,0.004644572,5.93,0,1
196,3.7,3.05,0.83,4.9,3,2,0,0,697035.637,4063212.225,0,0,0.0045802,,,
197,2.9,3.6,1.5,8.2,3,4,1,0,697037.5083,4063204.719,0,0.00356892,0.003961049,,,
198,2.8,3,1.2,5.28,3,6,1,0,697040.8883,4063201.578,0,0.063455246,0.00364398,5.036666667,2,4
199,2.42,1.9,0.96,2.31,3,1,0,0,697047.2296,4063205.72,0,0.077180989,0.004078541,,,
200,1.9,1.2,0.7,0.84,3,2,1,0,697045.9915,4063209.022,0,0.048349809,0.004474741,,,
201,2.57,2.15,1.23,3.56,3,5,0,0,697010.7975,4063320.443,1.324079633,1.644784451,0.002379286,6.57,1,3
202,3.68,4.59,1.17,10.35,3,5,0,0,697000.4942,4063325.312,1.807201028,1.817952394,0.003043313,7.19,1,4
203,4.1,4.5,1.5,14.49,3,6,1,0,696991.6997,4063330.66,1.93544507,2.61695075,0.003891915,,,
204,3.34,3.04,1.24,6.59,3,5,0,0,696978.8028,4063335.581,0.789515972,1.875937581,0.004109532,8.37,1,3
205,4.02,3.55,1.39,10.39,3,5,0,0,696978.7288,4063311.601,0.934774578,1.780709028,0.003301128,,,
206,3.08,3.84,1.44,8.92,3,5,0,0,696970.8048,4063310.198,3.124901056,3.024647474,0.003480734,11.01333333,1,7
207,3.98,3.28,1.53,10.46,3,5,0,0,696965.5383,4063317.625,2.729038239,3.538118362,0.003487992,9.05,2,4
208,2.59,3.87,1.53,8.03,3,4,0,0,696972.6122,4063332.663,0.724405348,2.447258472,0.004758099,4.43,4,4
209,2.68,3.32,1.37,6.38,3,3,0,1,696968.012,4063334.444,0.920684576,3.193623304,0.004580812,,,
210,4.9,4.5,1.8,20.78,3,6,1,0,696962.6868,4063332.768,1.505930066,3.618396997,0.004717772,7.166666667,2,7
211,1.37,1.34,0.87,0.84,3,3,0,0,696972.0507,4063353.187,3.901698589,1.943888783,0.003489272,,,
212,2.14,1.74,0.46,0.9,3,0,0,0,696967.6879,4063352.421,3.652542114,2.087912083,0.003734893,,,
213,1.31,1.28,0.93,0.82,3,3,0,0,696959.5112,4063350.345,2.195794106,0.883532405,0.004471469,9.48,0,2
214,3.29,2.19,1.16,4.38,3,2,0,0,696949.5015,4063346.341,2.731579542,0.790347576,0.004566506,,,
215,1.68,1.05,0.88,0.81,3,2,0,0,696948.3656,4063349.09,2.384144306,0.285394818,0.004440892,8.29,1,4
216,3.2,2.9,1.6,7.77,3,7,1,0,696948.0311,4063344.198,3.268583298,1.076392651,0.005115514,9.25,0,4
217,1.9,1.3,1,1.29,3,9,1,1,696942.4785,4063313.542,4.448494434,3.078589439,0.002748899,17.12666667,0,2
218,6.08,3.82,1.33,16.17,3,4,0,0,696921.3437,4063319.05,1.319182396,1.481444359,0.003408623,11.5,6,4
219,3.8,2.5,1.5,7.46,3,6,1,0,696917.1673,4063325.726,0.490523785,0.065944113,0.004401678,9.25,3,5
220,3.7,3.15,1.38,8.42,3,6,1,0,696916.833,4063336.375,0.970475137,0.065238766,0.0044442,9.5,0,2
221,3.98,3.12,1.32,8.58,3,5,0,0,696920.0394,4063344.663,0.933307648,0.132191509,0.006251299,9.81,3,5
222,2.2,2.26,1.07,2.79,3,3,0,0,696934.491,4063353.766,2.020394802,0.518949151,0.005134847,10.58,1,2
223,2.07,2.23,1.25,3.02,3,2,0,0,696938.6062,4063365.295,0.990538239,0.114718251,0.005185606,4.03,2,2
224,2.03,1.83,1.12,2.18,3,3,0,0,696940.9191,4063365.792,1.001574278,0.151948586,0.004943638,4.34,1,1
225,1.47,1.84,1.06,1.5,3,3,0,0,696939.8852,4063367.988,0.965362072,0.091573983,0.004672674,5.43,1,2
226,2.49,2.78,1.02,3.7,3,4,0,0,696925.9648,4063386.318,0.494442046,0.9304142,0.005004548,10.06,1,3
227,1.16,2.06,0.79,0.99,3,4,0,0,696924.7395,4063392.95,2.400747538,1.417715549,0.005030908,8.63,1,1
228,1.94,1.33,0.99,1.34,3,5,0,0,696916.471,4063402.64,3.673213482,2.213433266,0.005113817,7.72,2,3
229,2.14,1.85,1.08,2.24,3,4,0,0,696911.9576,4063396.763,2.132717133,1.561637759,0.006058035,7.24,2,4
230,3.04,2.98,1.18,5.6,3,5,0,1,696909.3486,4063389.71,1.897512913,1.205186129,0.006814951,7.48,2,4
231,1.72,0.97,0.88,0.77,3,5,0,0,696913.8874,4063378.935,1.189873219,1.376913071,0.007604102,6.09,1,0
232,2.61,2.18,0.87,2.59,3,4,0,0,696917.6885,4063376.913,0.592691839,0.875316441,0.007300675,6.24,1,3
233,1.8,1.26,0.85,1.01,3,5,0,0,696909.5935,4063371.288,1.884451985,0.950178325,0.007449636,,,
234,2.77,1.44,0.85,1.78,3,7,0,0,696909.5449,4063357.854,0.724503934,0.114178233,0.006808589,3.31,3,3
235,1.65,2.1,1.14,2.07,3,8,0,0,696904.8604,4063355.526,0.352153271,0.074026629,0.005897769,2.51,1,3
236,2.46,1.92,1.35,3.34,3,7,0,0,696906.1496,4063357.776,0.433576792,0.086371444,0.006281302,3.36,3,2
237,2.75,2.08,1,2.99,3,4,0,0,696911.896,4063352.802,0.598273873,0.10360571,0.006347979,6.2,3,0
238,5.65,3.3,0.81,7.91,3,3,0,0,696901.2071,4063331.686,0.229024142,0.619156778,0.005816966,,,
239,2.4,2.3,1.3,3.76,3,7,1,0,696899.8747,4063346.864,0.119904004,0.133570075,0.005308962,,,
240,2,1.35,1.03,1.46,3,3,0,0,696898.3559,4063362.37,0.327385187,0.321028888,0.006648377,11.23,2,3
241,4.51,2.13,0.89,4.48,3,3,0,0,696885.5686,4063343.093,2.83969903,0.611635625,0.005222577,6.54,3,6
242,4.52,3.42,1.29,10.44,3,4,0,0,696881.04,4063349.539,4.229522228,1.038566709,0.005120662,,,
243,4.17,2.9,1.1,6.97,3,5,0,0,696872.2862,4063341.456,7.076738358,1.132534623,0.005090429,,,
244,3.45,2.2,1.28,5.09,3,6,0,0,696868.8476,4063343.264,5.618429184,1.214434862,0.004513451,,,
245,4.3,4.6,1.28,13.26,3,3,1,1,696898.1261,4063360.7,0.222398221,0.285675347,0.006612976,6.916666667,3,2
246,3.43,2.84,1.32,6.73,3,6,0,0,696901.3377,4063372.652,3.020266533,1.17931819,0.006932893,6.95,1,3
247,3.03,2.07,1.36,4.47,3,4,0,0,696898.0497,4063379.57,3.656270981,1.757589936,0.007800653,8.07,2,1
248,2.94,2.95,1.34,6.09,3,6,0,0,696887.0421,4063383.979,3.423806429,2.779162169,0.00736257,,,
249,3.3,2.5,1.78,7.69,3,6,0,0,696871.8323,4063372.861,5.2523489,2.976816416,0.00477253,11.56333333,2,4
250,3.24,2.5,1.39,5.9,3,5,0,0,696866.3769,4063369.072,7.470829487,2.941669703,0.004561445,,,
251,3.58,3.53,1.44,9.53,3,6,0,0,696861.8302,4063360.753,10.38888645,2.643196106,0.004142236,,,
252,3.6,3,1.7,9.61,3,6,1,0,696964.5834,4063273.643,0.065131083,0.131360963,0.002882892,,,
253,2.54,3.78,1.31,6.59,3,5,0,1,696962.1429,4063267.037,0.133034497,0,0.0030719,7.3,2,3
254,3.58,2.67,1.39,6.96,3,4,0,0,696961.3386,4063251.477,0.304320067,0,0.002655042,13.76,3,2
255,4.09,3.57,1.18,9.02,3,6,0,0,696941.7864,4063258.132,0.405189276,0,0.002220446,13.67,2,4
256,3.95,2.76,1.37,7.82,3,5,0,0,696951.283,4063265.011,0.479235739,0,0.002798889,,,
257,4.1,2.9,1.8,11.21,3,5,1,1,696956.8687,4063274.798,0.105402842,0.184765443,0.002854859,,,
258,5.7,6.6,1.8,35.46,3,5,1,0,696944.1811,4063278.391,0.202296481,0.642767429,0.002552192,9.45,7,2
259,5.7,3.4,1.8,18.27,3,7,1,1,696948.8095,4063290.931,1.694335461,1.989139915,0.002981529,14.55,1,1
260,3.66,3.02,1.27,7.35,3,7,0,0,696911.9897,4063274.875,0.070096396,0.458563715,0.003643695,7.72,0,5
261,3,1.7,1.6,4.27,3,6,1,0,696907.8311,4063273.003,0.335151851,0.404562056,0.003489272,5.86,1,2
262,1.83,1.91,1.21,2.21,3,3,0,0,696902.3246,4063271.433,1.152810335,0.233008727,0.003476703,4.41,0,1
263,2.41,2.77,1.56,5.45,3,6,0,0,696903.4173,4063282.226,0.148033664,0.453099072,0.004353175,7.866666667,3,2
264,5.6,3.9,1.6,18.3,3,5,1,0,696911.4385,4063294.955,0.229517832,0.009036578,0.004504896,7.966666667,1,1
265,3.1,3,1.3,6.33,3,9,1,0,696919.4314,4063297.248,0.388779998,0.538149476,0.004572802,,,
266,3.4,2.5,1.6,7.12,3,8,1,0,696901.84,4063311.941,0.300849527,0.927972436,0.004804642,,,
267,1.5,1.07,0.66,0.55,3,1,0,0,696893.0608,4063308.853,0.510892808,1.188166976,0.005548863,12.47,8,3
268,3.94,4.29,1.2,10.62,3,6,0,0,696900.5123,4063295.814,0.745578408,0.927219748,0.005169617,6.433333333,4,5
269,1.98,2.51,1.12,2.91,3,5,0,0,696901.947,4063291.74,0.329518914,0.914649844,0.005075306,,,
270,4.37,3.96,1.71,15.49,3,8,0,0,696894.1939,4063282.902,0.66242528,0.55648315,0.004757609,7.39,3,6
271,3.3,4.5,1.4,10.89,3,9,1,0,696883.4719,4063278.77,1.777289987,1.345647573,0.00387716,,,
272,4.37,2.95,0.56,3.78,3,1,0,0,696884.151,4063280.34,1.808705568,1.423517704,0.004271832,8.45,5,2
273,2.6,0.3,1.3,0.53,3,4,1,0,696870.9938,4063288.807,1.913101077,2.152726412,0.004515328,12.81666667,4,1
274,3.15,3.58,1.38,8.15,3,6,0,0,696877.0059,4063299.491,1.320585728,1.633024573,0.005894213,12.22,3,2
275,5.49,5.46,1.36,21.35,3,8,0,1,696889.5966,4063315.656,0.159010455,1.266963243,0.004600592,23.87,2,8
276,3.6,3.7,1.5,10.46,3,7,1,0,696875.671,4063322.551,2.400001526,1.439779043,0.006173809,,,
277,3.8,3.2,1.4,8.91,3,5,1,1,696869.5007,4063314.86,0.409419596,1.474707603,0.006344132,11.88,5,5
278,1.78,1.7,0.89,1.41,3,6,0,0,696862.9168,4063301.832,2.103858471,1.987238288,0.005643742,7.04,1,2
279,1.73,2.11,0.99,1.89,3,2,0,0,696859.2943,4063299.972,3.097310543,2.177942991,0.005033871,4.44,3,3
280,2.11,2.06,1.14,2.59,3,6,0,0,696852.9402,4063296.385,10.57370472,2.712553263,0.004352801,5.72,2,2
281,3.1,2.24,1.28,4.65,3,6,0,0,696847.7682,4063295.822,8.289096832,2.079444885,0.004327211,5.766666667,2,2
282,4.27,3.53,1.88,14.84,3,7,0,0,696852.1235,4063304.692,4.693207741,1.843622565,0.005383692,6.45,4,4
283,2.49,3.81,0.99,4.92,3,7,0,0,696853.9643,4063317.944,2.002691507,2.367014885,0.0056329,6.38,2,6
284,1.8,2.03,0.8,1.53,3,5,0,0,696854.1277,4063322.499,1.47434485,1.840388179,0.005343849,4.883333333,2,2
285,6.58,4.6,1.32,20.92,3,3,0,1,696851.8277,4063329.218,1.217690229,1.763658643,0.00475618,,,
286,1.96,1.98,1.02,2.07,3,5,0,0,696851.9273,4063332.662,1.682125926,1.905601025,0.004595185,6.1,1,3
287,2.95,2.72,1.12,4.71,3,5,0,0,696844.7793,4063324.726,5.32265377,2.440597773,0.005524515,6.14,5,7
288,3,2.31,0.93,3.37,3,2,0,0,696845.2207,4063313.303,4.922110081,2.241555452,0.004808571,,,
289,4.04,3.96,1.49,12.48,3,6,0,0,696837.4805,4063311.681,9.846129417,2.575210571,0.004673221,9.28,3,6
290,3.94,4.24,1.88,16.44,3,10,0,0,696827.2793,4063308.228,11.35019588,2.461395741,0.003453145,10.21,4,9
291,4.34,5.28,2.15,25.8,3,7,0,0,696816.5066,4063317.971,17.34006691,4.033605576,0.002938323,12.89,4,8
292,2.77,3.51,1.23,6.26,3,7,0,0,696820.4792,4063339.598,9.561607361,3.347532511,0.002945381,13.19,3,5
293,4.42,4.55,1.27,13.37,3,4,0,0,696809.1551,4063349.995,9.571702003,3.204946756,0.003489272,11.57,6,9
294,5.23,4.06,1.83,20.35,3,4,0,0,696806.8241,4063338.618,7.951782703,3.30380249,0.002854859,8.9,5,6
295,2.34,2.69,1.19,3.92,3,3,0,0,696795.2011,4063334.798,8.494930267,3.51811409,0.003639181,7.85,5,5
296,4.17,4.37,1.54,14.69,3,6,0,0,696788.3748,4063336.195,5.710636616,3.603197575,0.004123686,8.37,3,8
297,2.72,3.18,1.21,5.48,3,9,0,0,696770.1582,4063346.989,5.545801163,2.186150551,0.004271673,7.64,1,5
298,2.77,2.77,1.06,4.26,3,6,0,0,696762.5074,4063349.255,4.408689022,1.803637862,0.004255529,7.52,3,4
299,7.24,4.9,1.81,33.62,3,7,0,0,696772.9896,4063359.931,10.02020836,2.376040697,0.003978048,8.67,3,4
300,2.72,1.98,1.55,4.37,3,6,0,0,696781.0894,4063349.793,5.632491112,2.501943588,0.003883118,10.8,5,4
301,5.08,5.38,2.16,30.91,3,7,0,0,696769.2528,4063382.491,7.7909832,3.382024765,0.002137247,7.17,1,6
302,1.24,1.09,0.66,0.47,3,4,0,0,696830.3692,4063356.588,5.500617027,3.033690453,0.003666834,10.97,1,1
303,3.8,3.4,1.2,8.12,3,6,1,0,696839.6003,4063367.235,8.448943138,3.566207886,0.00404985,9.483333333,0,8
304,4.39,4.34,1.5,14.96,3,8,0,0,696848.3233,4063368.879,11.38427353,3.456813812,0.003922853,11.68333333,1,6
305,3.84,4.55,2.2,20.13,3,5,0,0,696855.109,4063384.798,3.995301247,3.223593235,0.004888835,,,
306,4.01,3.07,1.58,10.18,3,5,0,0,696857.9478,4063393.523,0.579025388,3.017460585,0.005767906,,,
307,4.42,3.1,1.58,11.34,3,3,0,0,696864.9502,4063392.24,1.510402679,3.146808863,0.004784647,,,
308,3.63,3.18,1.25,7.56,3,7,0,0,696866.2675,4063401.041,0.861695707,2.971891403,0.005566735,,,
309,2.46,2.16,0.97,2.7,3,5,0,0,696887.6243,4063401.421,2.544667244,3.191201925,0.006862389,,,
310,1.63,1.37,0.84,0.98,3,6,0,0,696894.762,4063402.029,2.338979244,3.087701082,0.006358527,,,
311,1.85,1.91,0.85,1.57,3,5,0,0,696900.2887,4063398.826,2.419463158,2.74033308,0.006825416,,,
312,2.46,2.21,1.07,3.05,3,3,0,0,696902.7317,4063389.779,2.338496923,1.945368886,0.007337252,8.02,1,2
313,2.26,2.95,1.08,3.77,3,1,0,0,696916.2516,4063416.067,2.310580015,3.4973526,0.004033218,,,
314,1.37,1.7,0.59,0.72,3,1,0,0,696896.4239,4063411.392,2.128608704,2.727947474,0.005284509,,,
315,2.31,1.85,0.89,1.99,3,7,0,0,696896.8808,4063407.073,2.102842569,2.957883596,0.00579279,,,
316,2.82,4.27,1.04,6.56,3,6,0,0,696883.4965,4063405.988,1.996847749,3.08526206,0.006168109,,,
317,3.33,2.97,1.26,6.52,3,7,0,0,696883.1289,4063410.309,1.783542037,3.22406888,0.00557519,,,
318,3.3,2.84,1.19,5.84,3,7,0,0,696885.7585,4063424.246,1.308487892,2.80396843,0.004331631,,,
319,2.59,2.54,1.24,4.27,3,6,0,0,696893.0825,4063428.411,1.635966063,3.016455173,0.003753364,,,
320,2.11,2.49,1.17,3.22,3,3,0,0,696883.9231,4063430.198,1.14613533,3.064144135,0.004063948,,,
321,2.77,2.92,1,4.24,3,5,0,0,696862.7678,4063413.282,2.243191481,3.112405539,0.005684971,,,
322,3.3,3.18,1.21,6.65,1,7,0,0,696855.0608,4063410.219,0.676328957,2.266948938,0.006857633,,,
323,4.8,2.87,1.21,8.73,1,8,0,0,696851.26,4063427.782,7.104551315,3.574041367,0.006642242,,,
324,2.36,2.3,1.44,4.09,1,6,0,0,696838.3221,4063411.166,3.349755049,1.93769443,0.00775644,,,
325,3.42,2.74,1.38,6.77,1,5,0,0,696839.8435,4063407.204,1.396027923,2.022755623,0.008037528,4.88,3,5
326,1.9,1.83,1.22,2.22,1,5,0,1,696844.8597,4063402.879,0.432511359,1.971309185,0.006843514,7.31,1,1
327,3.84,2.88,1.41,8.16,1,6,0,0,696832.5397,4063390.496,4.673300266,3.290565968,0.007598992,13.15,1,2
328,2.8,2.6,1.14,4.35,3,4,0,0,696820.7556,4063374.239,7.096735001,2.535365582,0.004488919,4.516666667,1,3
329,3.52,2.64,1.46,7.1,3,8,0,0,696818.9379,4063371.644,7.723207951,2.475054502,0.004281474,4.176666667,8,6
330,2.9,1.6,0.92,2.24,6,1,0,0,696817.603,4063379.162,10.43103027,2.742277145,0.005235463,2.78,1,3
331,3.2,3.5,1.6,9.38,6,8,1,0,696814.9149,4063383.319,7.842470646,2.616247892,0.005390026,5.283333333,4,4
332,4.4,3.62,1.9,15.85,3,9,0,0,696811.0447,4063376.68,9.154747963,2.957992554,0.004101994,4.816666667,1,4
333,3.2,3.06,1.78,9.13,1,6,0,0,696823.2118,4063395.721,4.218459129,3.386218071,0.008144265,9.28,0,1
334,2.9,2.5,1.4,5.31,1,7,1,0,696825.2108,4063405.98,4.010721684,3.031668186,0.008806916,2.933333333,3,3
335,2.98,2,1.44,4.49,1,5,0,0,696827.6207,4063406.146,4.135756016,2.671648264,0.00888319,,,
336,1.5,1.49,0.95,1.11,1,5,0,0,696830.7146,4063403.775,3.423365116,2.429679632,0.009127563,3.616666667,0,3
337,5.2,4.8,2.03,26.53,1,8,0,0,696827.0796,4063410.241,7.865677834,2.64992547,0.008517964,1.7,0,7
338,2.08,2.06,1.34,3.01,1,5,0,0,696834.95,4063417.86,6.541747093,2.262472153,0.007800754,,,
339,2.76,2.4,1.4,4.86,1,5,0,0,696837.1199,4063420.685,6.402673721,2.367858887,0.007652205,4.6,0,2
340,1.82,1.78,1.1,1.87,1,3,0,0,696832.5224,4063426.241,9.63475132,1.695304036,0.007630306,4.333333333,2,1
341,3.52,2.78,1.44,7.38,1,9,0,0,696829.3571,4063431.718,9.679998398,1.996365309,0.007467781,,,
342,3.72,3.66,1.48,10.55,1,8,0,0,696832.2494,4063434.227,9.884746552,1.952656269,0.007602246,,,
343,3.92,2.88,1.64,9.69,6,10,0,0,696832.9669,4063445.789,14.25259018,3.061799526,0.006020631,,,
344,0.8,0.78,0.25,0.08,6,2,0,0,696839.16,4063444.71,11.98322678,2.68653059,0.005584259,,,
345,4.82,4.04,1.34,13.66,6,6,0,0,696859.059,4063446.278,11.94643497,2.781409264,0.003683344,,,
346,4.2,3,1.59,10.49,6,10,0,0,696873.0203,4063449.485,7.258692265,3.744192362,0.002781419,,,
347,2.34,2.3,0.86,2.42,6,4,0,0,696862.1072,4063453.675,14.37710094,2.606188774,0.002834925,,,
348,3.48,2.66,0.98,4.75,6,3,0,0,696859.3529,4063468.487,17.02310753,3.333880901,0.002022947,,,
349,2.9,2.7,0.96,3.94,6,3,0,0,696855.3603,4063467.174,19.00854111,3.646369457,0.002418463,,,
350,3.36,2.59,1.29,5.88,6,1,0,0,696840.8119,4063462.288,15.57770061,3.898148775,0.003322829,,,
351,4.3,3.63,1.46,11.93,1,7,0,0,696818.5307,4063432.135,12.76972294,3.195658207,0.007690236,,,
352,4.4,4.24,1.67,16.31,1,6,0,0,696813.6828,4063425.252,12.90777874,3.366002321,0.008500608,6.45,0,4
353,2.34,2.12,1.14,2.96,1,6,0,0,696826.1608,4063422.986,9.530878067,2.272936583,0.008269025,4.533333333,0,3
354,3.63,2.92,0.99,5.49,1,6,0,0,696829.5816,4063425.84,9.601058006,1.860055685,0.007702273,,,
355,2.6,2.24,1.17,3.57,1,5,0,0,696817.2412,4063418.23,11.10015583,2.745664358,0.008836064,,,
356,2.87,1.96,1.12,3.3,6,4,0,0,696809.3858,4063394.404,4.144288063,2.856765747,0.00609887,,,
357,3.94,2.98,1.42,8.73,6,8,0,0,696804.1985,4063394.506,3.417470455,2.698229074,0.006172296,,,
358,3.48,2.54,1.63,7.54,6,4,0,0,696799.5397,4063398.84,4.738201618,3.424879551,0.005669386,,,
359,3.7,3.2,1.14,7.07,6,4,0,0,696800.1117,4063408.955,7.554774284,3.455040216,0.0062653,,,
360,5.3,3.1,1.2,10.32,6,5,0,0,696792.8362,4063406.567,6.094912529,4.295034885,0.004515043,,,
361,1.54,1.2,0.72,0.7,1,3,0,0,696803.081,4063423.676,14.31345654,3.841634512,0.00796852,,,
362,2.63,2.57,1.3,4.6,6,5,0,0,696792.1243,4063421.981,11.02626801,4.975932598,0.005849297,,,
363,3.7,2.75,1.2,6.39,6,6,0,0,696775.2936,4063415.267,6.887318134,6.034934044,0.00412663,,,
364,2.84,2.49,0.69,2.55,6,0,0,0,696769.0443,4063414.901,9.950031281,5.782061577,0.00377352,,,
365,2.77,2.66,1.47,5.67,6,4,0,0,696792.7067,4063435.538,7.719799995,5.629288197,0.006438142,,,
366,2.74,2.58,0.96,3.55,1,5,0,0,696803.5586,4063437.897,11.15446758,4.551057816,0.007281837,,,
367,3.8,2.97,1.12,6.62,6,7,0,0,696811.4597,4063448.069,10.09189606,4.402676105,0.006483199,,,
368,2.4,1.74,1.03,2.25,6,4,0,0,696805.3229,4063450.592,6.940531731,5.68613863,0.005572358,,,
369,4.37,4.14,1.52,14.4,6,9,0,0,696820.9287,4063483.366,7.845846653,6.587285519,0.003504584,,,
370,2.8,2.68,1.29,5.07,6,6,0,0,696826.4172,4063485.713,8.98743248,6.176636696,0.003330104,,,
371,3.07,2.72,0.97,4.24,6,6,0,0,696823.9819,4063490.541,6.082514763,6.696731091,0.002968724,,,
372,3.4,2.1,0.93,3.48,6,6,0,0,696818.8484,4063496.084,11.70713234,6.082120419,0.002854859,,,
373,2.58,2.52,0.84,2.86,6,4,0,0,696807.2996,4063492.933,14.51264191,5.297467709,0.003040848,,,
374,2.42,2,1.02,2.58,6,4,0,0,696804.2873,4063491.753,15.34532452,4.986260891,0.003139315,,,
375,2.9,2.37,1.29,4.64,6,5,0,0,696809.0328,4063487.533,12.47602749,6.102143764,0.003489272,,,
376,2.18,1.9,0.62,1.34,6,6,0,0,696805.9999,4063479.47,8.262117386,6.902907848,0.004037675,,,
377,3.6,2.1,0.96,3.8,6,5,0,0,696806.4389,4063472.043,6.39999485,7.165541649,0.004791305,,,
378,3.48,2.77,1.23,6.21,6,6,0,0,696803.8757,4063462.992,6.436730385,7.137966633,0.004794042,,,
379,2.7,2.52,1.12,3.99,6,3,0,0,696797.9787,4063458.971,6.132053852,6.862883568,0.004198871,,,
380,1.72,1.6,0.78,1.12,6,0,0,0,696792.0612,4063451.953,6.501585007,7.098542213,0.005372751,,,
381,3,2.6,0.89,3.63,6,1,0,0,696784.9517,4063454.009,5.622995853,7.119779587,0.004827263,,,
382,2.3,2.1,0.84,2.12,6,0,0,0,696777.7732,4063451.291,5.979399204,7.72552824,0.00541383,,,
383,2.6,1.8,1.05,2.57,6,2,0,0,696775.6464,4063438.809,9.850551605,6.990270138,0.005665872,,,
384,3.76,2.32,1.12,5.12,6,8,0,0,696774.8269,4063435.571,8.019992828,6.682521343,0.00521945,5.883333333,1,1
385,2.1,1.64,1.08,1.95,6,0,0,0,696769.9026,4063435.902,6.688665867,6.373337746,0.005321749,,,
386,4.05,4,1.34,11.37,6,8,0,0,696755.8031,4063423.144,16.09552765,6.34960413,0.004331495,,,
387,6.1,5.9,1.88,35.43,6,6,0,0,696739.0361,4063413.656,20.48880768,4.801438332,0.004656838,,,
388,4.2,3.62,2.2,17.51,6,5,0,0,696729.9913,4063406.566,22.01841927,4.422090054,0.004505608,,,
389,4.6,4.4,1.32,13.99,6,6,0,0,696732.9938,4063419.845,19.17693329,3.773045301,0.005730011,,,
390,4.65,3.94,1.28,12.28,6,6,0,0,696727.1941,4063427.149,6.407128334,3.241764545,0.006635725,,,
391,4.88,4.6,2.24,26.33,6,7,0,0,696720.6075,4063414.231,8.515957832,4.212960243,0.006096708,,,
392,3.2,2.85,1.6,7.64,6,5,0,0,696717.6513,4063414.497,7.752520084,4.09000206,0.006248937,,,
393,4.68,3.72,1.64,14.95,6,5,0,0,696716.0733,4063401.472,13.90128613,5.565680981,0.005182552,,,
394,4.27,3.39,1.62,12.28,6,6,0,0,696714.3345,4063391.552,17.78108025,6.519314289,0.005232431,,,
395,3.42,3.38,1.39,8.41,3,5,0,0,696695.1138,4063372.128,15.60641956,5.446623802,0.002069751,,,
396,4.4,4.12,1.59,15.09,3,8,0,0,696695.8794,4063366.04,15.7794857,5.781353474,0.002505242,,,
397,4.42,4.17,1.52,14.67,3,2,0,0,696711.0709,4063354.622,19.81850243,4.926515102,0.003300349,,,
398,5.47,4.4,1.92,24.2,3,7,0,0,696706.3401,4063342.635,15.49472618,4.509942532,0.002351016,,,
399,3.88,2.94,1.4,8.36,3,5,0,0,696708.0835,4063336.792,11.33933067,4.221554756,0.001661014,,,
400,4.67,3.6,1.89,16.64,6,5,0,0,696731.3492,4063398.049,25.7274437,4.910651207,0.004451538,,,
401,8,6.28,1.73,45.51,6,5,0,0,696733.123,4063386.989,20.77031326,5.616609097,0.004617719,,,
402,4.99,4.77,1.88,23.43,3,9,0,0,696731.836,4063372.972,19.81850243,4.489028454,0.003836455,,,
403,3.72,3.63,1.77,12.51,3,9,0,0,696731.6546,4063369.193,17.06715584,3.842894077,0.003775454,,,
404,1.89,1.42,0.93,1.31,3,5,0,0,696728.0959,4063364.56,15.6115799,3.566681623,0.003081414,,,
405,3.67,3.2,1.38,8.49,3,5,0,0,696733.0785,4063350.021,9.085360527,2.857395411,0.003305723,,,
406,5.28,4.99,2.04,28.14,3,8,0,0,696726.5253,4063343.432,8.998916626,2.688232183,0.002854859,,,
407,1.67,1.43,0.89,1.11,3,4,0,0,696744.033,4063359.598,8.994326591,2.918984652,0.004409693,,,
408,5.2,4.89,1.57,20.9,3,5,0,0,696756.4913,4063381.531,10.73448849,3.882096291,0.003608033,,,
409,1.4,1.12,0.95,0.78,3,4,0,0,696760.6242,4063376.742,7.446050167,3.706275702,0.003733165,,,
410,5.27,4.5,1.73,21.48,3,7,0,0,696763.6442,4063377.589,6.642435074,3.550840139,0.003446119,,,
411,6.52,4.99,2.24,38.16,3,8,0,0,696766.0162,4063394.961,7.41644001,4.896422386,0.00276817,,,
412,5.3,4.7,2.08,27.13,3,9,0,0,696763.5666,4063338.178,6.704344749,3.033385754,0.003712231,,,
413,4.62,4.26,1.53,15.77,3,6,0,0,696773.5251,4063336.631,6.365278244,3.406037092,0.003508776,,,
414,4.6,4.09,2.03,20,3,4,0,0,696770.2343,4063328.119,5,3.329501629,0.003190052,,,
415,5.1,3.9,1.6,16.66,3,4,1,0,696761.986,4063325.265,5.723672867,2.909532785,0.002648629,,,
416,2.54,1.93,0.87,2.23,3,0,0,0,696785.6404,4063322.922,9.488318443,4.296220779,0.003226444,,,
417,1.24,1.17,0.97,0.74,6,3,0,0,696747.0705,4063441.371,9.089863777,4.173438072,0.006026925,5.51,1,3
418,2.77,2.56,1.3,4.83,6,5,0,0,696751.3465,4063442.025,11.47403622,4.26204586,0.005951807,6.82,1,2
419,3.49,3.37,1.56,9.61,6,2,0,0,696762.4106,4063454.601,16.15258789,5.166908741,0.005171312,8.7,4,4
420,2.99,2.57,1.21,4.87,6,1,0,0,696754.5329,4063462.857,22.75007248,4.235330582,0.004925481,4.6,0,2
421,1.27,1.26,0.86,0.72,6,3,0,0,696751.7579,4063459.13,18.77951431,3.568280935,0.005012758,3.25,1,2
422,3.34,2.82,1.1,5.42,6,0,0,0,696748.8988,4063459.064,11.97570992,3.210853815,0.004623406,3.22,2,4
423,3.31,2.99,1.19,6.17,6,3,0,0,696743.8851,4063459.393,6.241949081,2.441481113,0.004192336,6.55,3,4
424,3.49,3.14,1.73,9.93,6,7,0,0,696740.7346,4063444.778,3.841656208,2.421607733,0.006649418,3.21,2,4
425,7.64,4.44,1.57,27.89,6,10,0,0,696733.569,4063449.276,3.769222021,2.2516675,0.006346402,,,
426,3.37,2.98,1.4,7.36,6,4,0,0,696728.3921,4063452.82,5.083667755,2.00334549,0.005849219,7.9,3,2
427,3.97,3.43,1.55,11.05,6,5,0,0,696723.9326,4063460.155,8.417193413,1.597530961,0.005906673,8.53,3,4
428,3.9,2.97,1.07,6.49,6,5,0,0,696734.2946,4063468.275,3.676172733,2.289765358,0.004817008,6.58,2,4
429,4.46,3.9,1.8,16.39,6,5,0,0,696728.1501,4063471.131,6.379759312,2.038550615,0.005227047,6.12,1,8
430,1.98,1.95,0.94,1.9,6,4,0,0,696703.8912,4063476.457,6.256334782,1.86481297,0.005926742,7.89,2,3
431,5.51,4.8,1.73,23.96,6,8,0,0,696701.1061,4063477.059,7.507505417,2.002729416,0.005712259,8.453333333,3,5
432,5.32,4.6,1.89,24.22,6,9,0,0,696720.5486,4063494.601,5.77195406,2.817153931,0.003536073,3.78,3,5
433,1.99,1.9,1.06,2.1,6,5,0,0,696717.1815,4063493.303,3.298135996,2.999721766,0.003767674,4.09,0,1
434,3.24,3.17,1.58,8.5,6,6,0,0,696713.2631,4063496.543,3.256808758,2.862668991,0.003715268,3.49,3,5
435,3.8,3.5,1.38,9.61,6,8,0,0,696705.8777,4063491.156,2.014997005,2.574153662,0.004356594,6.97,1,5
436,3.98,3.7,1.23,9.48,6,6,0,0,696696.7719,4063490.613,6.125936508,2.339713097,0.005149485,5.946666667,2,5
437,4.42,3.87,1.82,16.3,6,6,0,0,696693.4175,4063488.76,9.243686676,2.130591869,0.005491502,6.62,3,7
438,3.97,0.39,1.49,1.21,6,8,0,0,696688.6085,4063499.64,1.215379238,3.105620384,0.005160181,,,
439,4.18,3.7,1.47,11.9,6,6,0,0,696702.2097,4063502.949,3.734383106,3.536812305,0.00423928,13.26666667,1,1
440,3.6,2.9,1.99,10.88,7,5,0,0,696700.2549,4063521.887,9.105303764,5.666130543,0.002450618,,,
441,2.9,3,1.5,6.83,7,9,1,0,696687.1287,4063525.138,8.041706085,3.566724062,0.003229334,11.48333333,1,5
442,3.8,4.3,1.7,14.54,7,4,1,0,696672.5745,4063501.047,3.106418133,2.474427462,0.004225225,,,
443,4.42,3.94,1.63,14.86,7,6,0,0,696670.1425,4063521.306,4.178483486,2.782257318,0.003772904,,,
444,3,4.4,1,6.91,7,1,1,0,696660.432,4063527.633,3.88993454,1.898060083,0.003871636,,,
445,4.12,3.4,1.27,9.31,7,5,0,0,696659.2121,4063537.928,11.53951359,2.170248985,0.003806479,,,
446,3.7,3.51,1.49,10.13,7,4,0,0,696660.0675,4063543.499,10.62587833,2.949045658,0.003874565,6.833333333,2,2
447,2.4,2,1.2,3.02,7,2,0,0,696652.9403,4063546.332,12.18186378,2.594783306,0.004324754,,,
448,5.4,4.83,1.8,24.58,7,10,0,0,696636.8656,4063545.63,14.83958149,2.150347233,0.003181801,,,
449,3.2,3.16,1.36,7.2,7,4,0,0,696639.7861,4063550.803,11.25716209,2.227524757,0.00365314,9.103333333,2,3
450,2.82,2.8,1.04,4.3,7,4,0,0,696657.6098,4063560.982,9.313642502,2.564039469,0.004037317,10.6,1,2
451,4.4,3.9,1.79,16.08,7,5,0,0,696669.1228,4063561.801,7.268710613,2.746311903,0.003299968,,,
452,2.1,1.5,1.1,1.81,7,9,1,0,696678.9225,4063551.592,4.484929085,2.364382982,0.003119012,8.616666667,2,5
453,2.16,2.14,1.14,2.76,7,3,0,0,696674.2126,4063550.373,4.531951904,2.327305555,0.003509657,,,
454,3.2,2.7,1.3,5.88,7,3,0,0,696653.9495,4063568.557,6.791348457,3.704227209,0.004652813,,,
455,3.97,3.9,1.4,11.35,7,7,0,0,696645.4338,4063577.353,5.459218025,4.934430122,0.004493121,,,
456,2.52,2.3,0.82,2.49,7,3,0,0,696661.7002,4063585.276,5.843828201,4.565992832,0.002273246,,,
457,2.12,2,1.54,3.42,7,3,0,0,696625.4222,4063561.241,12.69437218,2.903836727,0.004472816,,,
458,3.35,3.2,1.41,7.91,7,1,0,0,696624.942,4063554.903,15.5259819,2.255877733,0.004470219,,,
459,4.47,4.19,1.53,15,7,8,0,1,696606.4068,4063564.023,7.849694729,3.02811265,0.003525761,,,
460,4.47,4.12,1.27,12.25,7,8,0,1,696606.2896,4063569.127,3.684702396,3.259257555,0.003951671,,,
461,0.7,0.6,0.55,0.12,7,2,0,0,696603.8848,4063564.854,7.922335625,2.709180593,0.003834007,,,
462,3.3,3.7,1.4,8.95,7,7,1,1,696609.4427,4063579.746,2.011184931,4.245875359,0.004487901,,,
463,2.91,1.12,0.82,1.4,7,7,0,0,696614.5227,4063580.417,1.893025398,6.586946487,0.004897265,,,
464,1.47,1.23,0.88,0.83,7,3,0,0,696628.0089,4063580.949,1.381188869,5.751417637,0.005173022,,,
465,1.63,1.3,0.77,0.85,7,2,0,0,696627.2997,4063592.367,0.877480507,7.882537365,0.003834683,,,
466,1.83,1.8,1.02,1.76,7,1,0,0,696632.9439,4063595.716,1.838811755,6.333465576,0.003491669,,,
467,2.32,2.19,1.39,3.7,7,4,0,0,696638.8561,4063595.186,1.250415921,5.826335907,0.003469623,,,
468,3.27,3.41,1.07,6.25,7,5,0,0,696632.7936,4063602.262,3.010483265,9.523730278,0.002916205,,,
469,4.28,2.75,1.3,8.01,7,5,0,0,696634.4508,4063615.732,8.9985466,12.28485775,0.002220446,,,
470,4.8,4.6,1.6,18.5,7,6,0,0,696616.5415,4063632.638,9.337669373,10.79954338,0.002445132,,,
471,3.54,3.28,1.55,9.42,7,8,0,0,696612.7418,4063603.466,7.884563923,11.53563976,0.005037351,,,
472,4.34,3.47,1.36,10.72,7,4,0,0,696598.8695,4063584.72,2.777813673,6.057266712,0.004000158,,,
473,5.47,4.73,1.37,18.56,7,6,0,0,696585.9554,4063590.418,10.51474667,7.061011314,0.005097679,,,
474,3.5,2.44,0.84,3.76,7,4,0,0,696566.8342,4063566.667,17.22131157,5.420407772,0.004854522,,,
475,7.46,6.95,2.14,58.09,7,4,0,0,696550.7897,4063556.862,16.66620064,5.373922825,0.005787849,,,
476,6.37,6.35,1.76,37.28,7,3,0,0,696555.7721,4063546.209,12.31653595,4.966919899,0.004395439,,,
477,4.88,4.61,1.57,18.49,7,2,0,0,696562.0415,4063541.801,12.24918652,5.07785368,0.003257451,,,
478,7,6.27,2.22,51.02,7,9,0,0,696562.1334,4063541.693,12.06753826,5.058476448,0.003248439,,,
479,6.03,5.95,1.74,32.69,7,6,0,0,696570.2843,4063540.992,12.77464485,4.402328968,0.003856563,,,
480,7.43,7.78,2.04,61.74,7,8,0,0,696593.3823,4063555.065,4.666818142,2.471567392,0.003733742,,,
481,4.84,4.63,2.25,26.4,7,7,0,0,696601.2035,4063545.365,12.3008976,2.514720678,0.002940656,,,
482,5.81,4.85,2.21,32.61,7,6,0,0,696587.163,4063537.827,19.12240219,4.539203644,0.003335468,,,
483,4.47,3.4,2.43,19.34,7,4,0,0,696573.6915,4063524.974,13.54310226,4.968741417,0.003353514,,,
484,3.89,4.6,0.81,7.59,7,7,0,0,696568.7924,4063516.424,12.40719128,6.212601662,0.003069293,,,
485,5.22,3.8,2.36,24.51,7,5,0,0,696567.0489,4063518.382,13.27792263,5.052268028,0.003091054,,,
486,4.5,4.93,1.7,19.75,7,7,0,0,696570.9765,4063495.272,10.60476494,6.467951775,0.002001872,,,
487,8.01,6.4,2.24,60.13,7,5,0,0,696599.0524,4063506.685,7.710139751,6.748664856,0.004019869,,,
488,2.39,2.1,0.96,2.52,7,0,0,0,696595.9412,4063521.488,8.37405777,5.572486401,0.003063409,,,
489,4.9,3.67,2.16,20.34,7,5,0,0,696618.6682,4063512.797,4.578185081,4.823369026,0.004011961,9.693333333,4,4
490,4.7,4.3,1.54,16.3,7,4,0,0,696616.6103,4063505.09,6.366624355,5.25639534,0.004633633,,,
491,3.6,2.65,1.51,7.54,7,2,0,0,696623.5587,4063498.367,14.14515018,4.866065502,0.004663967,,,
492,2.26,2,0.97,2.3,7,2,0,0,696622.2847,4063495.451,14.08593178,3.944948196,0.005256936,,,
493,2.22,2.09,2.17,5.27,7,1,0,0,696617.7944,4063496.347,13.48541927,5.390052319,0.005086534,,,
494,5.06,3.95,1.74,18.21,7,6,0,0,696609.3827,4063488.938,12.49999046,5.618218422,0.004595009,,,
495,4.9,3.36,1.74,15,7,4,0,0,696596.0849,4063480.196,7.781851292,5.37696743,0.003682677,,,
496,4.5,3.5,1.6,13.19,7,5,0,0,696591.0837,4063472.199,10.22620964,6.533225536,0.002187029,,,
497,3.5,2.64,1.24,6,7,3,0,0,696591.3458,4063453.001,14.7695961,6.540104866,0.00155714,,,
498,3.16,2.57,1.55,6.59,7,2,0,0,696613.9053,4063467.173,14.75126171,5.242520809,0.004235153,,,
499,7.04,5.97,1.64,36.09,7,6,0,0,696612.9943,4063475.7,14.78543949,5.850383282,0.004170795,,,
500,3.95,2.2,1.9,8.65,7,3,0,0,696626.9304,4063487.787,16.35563469,5.306865692,0.005225279,,,
501,3.82,2.7,2,10.8,7,2,0,0,696623.3797,4063490.592,16.26987076,4.876146793,0.005392512,3.366666667,9,1
502,2.68,2.32,1.24,4.04,7,3,0,0,696635.7635,4063500.201,22.982584,4.414756298,0.004161958,,,
503,5.42,5.17,1.69,24.8,7,8,0,0,696643.0085,4063503.92,11.20142841,3.686085463,0.00436412,,,
504,4.7,3.31,2.1,17.11,7,3,0,0,696646.4876,4063496.451,11.8417244,4.152552128,0.003854422,,,
505,4.22,3.2,2.04,14.42,7,2,0,0,696648.4916,4063498.718,9.738315582,4.029266357,0.004029029,,,
506,4.46,3.4,1.63,12.94,7,4,0,0,696662.9784,4063494.61,4.212245464,2.497171402,0.003533517,,,
507,7.75,5.3,1.67,35.92,7,7,0,0,696630.118,4063465.77,14.47839069,4.287657261,0.003849054,,,
508,4.25,3.12,1.4,9.72,7,2,0,0,696634.0693,4063457.202,13.49236965,5.675552368,0.003052986,7.95,2,4
509,3.98,3.87,1.53,12.34,7,1,0,0,696632.5347,4063446.176,12.58620548,5.80376339,0.002530713,,,
510,1.5,1.17,0.88,0.81,7,3,0,0,696630.9286,4063438.258,12.26043701,6.940892696,0.002256018,,,
511,4.47,3.87,1.92,17.39,7,6,0,0,696643.0548,4063447.417,11.94502544,8.029259682,0.003016534,,,
512,6.3,4.82,1.69,26.87,7,5,0,0,696656.9859,4063463.612,14.57970715,7.117945671,0.003887544,,,
513,4.4,4.39,1.91,19.32,6,8,0,0,696682.2794,4063479.401,16.31188011,2.855623484,0.005015964,,,
514,6.59,5.21,2.13,38.29,6,5,0,0,696680.5535,4063472.812,28.71704483,3.432275057,0.004816023,,,
515,0.71,0.67,0.59,0.15,6,3,0,0,696684.0021,4063466.675,13.8887167,3.261338234,0.004444432,,,
516,2.38,2.16,1.19,3.2,6,4,0,0,696681.2681,4063465.058,18.41778374,3.645603418,0.004354581,,,
517,2.23,1.96,0.93,2.13,7,3,0,0,696679.236,4063464.012,20.97404099,3.818465948,0.004189412,,,
518,4.77,2.99,1.88,14.04,7,7,0,0,696679.3558,4063458.797,23.93793678,4.080089092,0.003868128,6,2,3
519,7.06,5.49,2.1,42.62,7,8,0,0,696671.6685,4063435.42,3.218857765,4.741010189,0.003563329,,,
520,4.12,3.42,1.7,12.54,7,5,0,0,696653.4773,4063433.447,9.397047997,6.003095627,0.002705721,,,
521,4.32,4.29,1.4,13.59,7,7,0,0,696657.9136,4063423.225,3.218857765,5.052567005,0.001927303,,,
522,2.84,2.2,1.26,4.12,7,2,0,0,696656.8056,4063420.869,3.218857765,5.054475307,0.001841722,,,
524,3.86,3.3,1.51,10.07,3,7,0,0,696690.1641,4063377.454,14.29757595,4.974707127,0.002527999,,,
525,6.32,4.55,1.68,25.3,6,7,0,0,696697.3126,4063397.045,4.981305599,4.876203537,0.00381445,,,
526,5.2,4.9,2.4,32.02,6,7,0,0,696697.9052,4063406.272,4.983131886,4.713953495,0.003779167,,,
527,3.31,3.26,1.32,7.46,6,5,0,0,696705.3669,4063404.445,5.502675533,5.080872059,0.00492175,,,
528,4.88,3.13,1.75,14,6,4,0,0,696697.6246,4063414.591,6.488689899,3.278161764,0.005035502,,,
529,4.63,3.45,2.2,18.4,6,3,0,0,696688.1285,4063423.254,4.331064224,0.662756145,0.004747414,,,
530,7.3,5.8,1.93,42.79,6,5,0,0,696694.266,4063440.157,8.964949608,2.826143503,0.004789566,,,
531,8.8,6.4,2.15,63.4,6,5,0,0,696695.7799,4063444.3,7.799770832,1.932079077,0.005194434,,,
532,2.6,2.4,0.95,3.1,6,3,0,0,696709.5573,4063443.839,9.647925377,0.847527742,0.004907203,,,
533,6,5.4,2.25,38.17,6,4,0,0,696713.1465,4063443.256,9.443915367,1.232471585,0.005549105,,,
534,2.8,2.65,1.63,6.33,6,3,0,0,696713.468,4063437.046,8.645643234,1.709741116,0.005916629,,,
535,4.5,3.8,1.55,13.88,6,4,0,0,696715.6939,4063433.545,8.116083145,1.996943831,0.006745924,,,
536,2.9,2.5,1.4,5.31,6,2,0,0,696713.1462,4063431.6,7.664875984,2.037051678,0.006857934,,,
537,5.44,4.85,2.53,34.95,6,6,0,0,696702.6082,4063431.135,8.158911705,2.329311609,0.005203983,,,
538,2.2,2.6,1.7,5.09,7,5,1,0,696584.7715,4063603.046,8.036289215,9.198961258,0.003931407,11.38,4,4
539,2.8,2.7,1.45,5.74,7,3,0,0,696590.7505,4063615.172,6.743075848,10.75022221,0.003172066,6.11,1,4
540,1.3,0.8,0.94,0.51,7,0,0,0,696595.0544,4063614.605,4.776338577,10.21468258,0.00268568,6.54,1,1
541,2.4,2,1.43,3.59,7,2,0,1,696593.8523,4063620.239,6.358996391,12.32196999,0.002550155,7.07,2,1
542,3.4,2.8,0.5,2.49,7,0,0,0,696606.122,4063650.383,3.222646475,15.13457394,0.002214256,,,
543,6,4.7,1.65,24.36,7,7,0,0,696571.2867,4063633.597,4.811574936,12.531703,0.004433543,,,
544,3.3,2.8,1.4,6.77,4,8,1,0,696562.3713,4063605.307,19.70145988,5.803357124,0.005848277,,,
545,3.24,2.75,1.45,6.76,4,5,0,0,696561.5852,4063608.397,20.99682236,6.752351284,0.005659854,,,
546,4,3,1.75,11,7,7,0,0,696555.3977,4063617.024,9.754072189,9.807243347,0.00463154,,,
547,3.75,3.2,1.55,9.74,7,4,0,0,696554.8033,4063623.449,12.76495457,10.40097237,0.0041618,,,
548,2.54,2.2,1.13,3.31,7,4,0,0,696548.0696,4063632.508,20.07934761,12.52114773,0.004320573,,,
549,3.15,2.9,1.27,6.07,7,3,0,0,696551.4953,4063631.255,16.13311768,12.19736958,0.004233762,,,
550,4.3,3.15,1.31,9.29,7,3,0,0,696560.6397,4063641.789,10.14028835,14.59218693,0.004731582,,,
551,2,1.89,1,1.98,7,3,0,0,696580.4878,4063657.231,11.84535408,14.02791691,0.003806479,5.89,4,2
552,4.2,3.1,1.35,9.2,7,2,0,1,696581.1487,4063651.807,11.7278204,13.61603069,0.003555258,5.42,6,6
553,2.85,2.7,1.52,6.12,7,4,0,0,696604.5754,4063659.339,3.015025139,13.77053833,0.002477716,,,
554,3.4,2.7,1.17,5.62,7,3,0,0,696599.6264,4063676.321,11.84280872,11.56783199,0.002589691,,,
555,3.25,2.97,1.37,6.92,7,6,0,0,696579.4493,4063667.42,12.19255924,14.53311729,0.003288471,6.01,1,6
556,4.3,2.75,1.1,6.81,7,5,0,0,696577.3512,4063673.145,12.62538433,12.02392197,0.002712817,,,
557,3.6,3.25,1.4,8.58,7,4,0,0,696572.72,4063660.716,12.13930607,13.65941048,0.003172129,4.86,5,6
558,2.75,2.5,1.27,4.57,7,3,0,0,696570.0732,4063666.983,12.58155918,14.23776913,0.002709007,,,
559,2.7,2.5,1.15,4.06,7,3,0,0,696553.0207,4063662.151,11.37549305,10.5799799,0.004467391,,,
560,1.4,1.3,0.78,0.74,7,2,0,0,696534.1991,4063652.616,10.16771507,10.1238966,0.003609024,,,
561,3.9,3.1,1.3,8.23,7,5,0,0,696534.8899,4063634.204,27.39487457,10.60708523,0.003224192,,,
562,4.35,4,1.7,15.49,7,5,0,0,696531.7044,4063640.569,24.14908981,10.08002186,0.003182409,,,
563,4.45,3.37,1.35,10.6,7,5,0,0,696521.7794,4063640.674,18.87208176,8.743665695,0.002359399,,,
564,4.1,3.44,1.6,11.82,7,3,0,0,696515.5165,4063668.172,15.82386017,5.38611412,0.003835544,,,
565,3.65,3.8,1.28,9.3,7,1,0,0,696531.6219,4063675.314,9.852790833,6.81049633,0.003272498,,,
566,2.9,2.5,1.07,4.06,7,3,0,0,696533.5521,4063680.797,11.01222038,5.567959785,0.003458049,,,
567,6.2,5.8,1.73,32.57,7,6,0,0,696522.4762,4063688.203,16.16162682,4.706617832,0.003489272,,,
568,4.5,3.5,2.2,18.14,7,6,0,0,696516.7348,4063681.299,19.61673737,4.691424847,0.003811721,,,
569,3.9,3.8,1.4,10.86,7,8,0,0,696502.4856,4063682.859,19.10118103,4.321746349,0.004364825,,,
570,5.4,4,1.75,19.79,7,7,0,0,696508.4183,4063685.327,23.02057457,4.159545898,0.00403839,,,
571,2,1.7,0.85,1.51,7,3,0,0,696510.4048,4063696.14,17.46810913,4.988497734,0.00445375,,,
572,4.3,3.77,1.65,14.01,7,5,0,0,696523.7888,4063697.225,15.38878059,4.693668842,0.004391422,,,
573,2.6,1.7,1.57,3.63,7,3,0,0,696512.4808,4063706.956,12.92868042,4.059866905,0.003524388,,,
574,2.8,2.2,1.63,5.26,7,3,0,0,696511.2785,4063708.704,10.4026413,4.251761913,0.003540917,,,
575,1.9,1.3,0.95,1.23,7,2,0,0,696507.404,4063717.829,6.656068325,4.597540379,0.003416534,3.52,2,0
576,2.1,1.6,1,1.76,7,3,0,0,696505.4129,4063718.893,6.836069107,4.758615494,0.003390933,3.56,1,2
577,1.5,1.1,0.8,0.69,7,3,0,0,696507.3276,4063721.158,7.631979942,4.733436584,0.003161293,3.52,1,2
578,3.4,3.1,1.43,7.89,5,4,0,0,696472.8655,4063711.486,9.350430489,6.554873466,0.007257255,6.02,3,4
579,1.25,1.1,0.7,0.5,5,2,0,0,696480.6721,4063717.992,14.95696259,6.283668518,0.007095104,,,
580,2.6,2.2,0.8,2.4,5,2,0,0,696477.8848,4063722.591,12.22161198,7.074156761,0.006678361,,,
581,2.6,1.75,1.12,2.67,5,3,0,0,696482.1099,4063729.348,8.88543129,5.764240742,0.005791964,8.86,2,2
582,2.85,1.96,0.98,2.87,5,3,0,0,696477.1507,4063742.889,10.57046604,5.657696724,0.003672379,9.59,2,4
583,3.9,3.85,1.55,12.19,5,5,0,0,696469.7349,4063738.833,9.441465378,6.124750614,0.005264229,7.19,4,8
584,3,2.5,1.04,4.08,5,4,0,0,696461.0199,4063736.857,6.86534214,6.23555851,0.006998181,8.34,3,6
585,1.7,1.7,0.8,1.21,5,2,1,0,696453.9767,4063732.144,10.87616253,6.419056892,0.007920705,8.63,3,2
586,3.75,3,0.82,4.83,5,4,0,0,696448.7829,4063748.121,5.059698582,4.950596809,0.005745314,4.87,2,3
587,2.3,2.15,1.24,3.21,5,5,0,0,696456.2267,4063750.956,6.606654644,4.294841766,0.004942559,6.81,2,3
588,2.88,2.76,1.22,5.08,5,3,0,0,696466.9967,4063752.979,9.479602814,4.509671211,0.004473228,13.49,1,4
589,3.28,3.05,1.54,8.07,5,5,0,0,696463.6562,4063769.998,7.434961319,2.429087877,0.005124295,15.06,3,4
590,3.07,2.02,1.04,3.38,5,3,0,0,696445.9806,4063757.27,3.680739164,4.699846745,0.006011622,3.99,1,5
591,3.82,3.1,1.33,8.25,5,5,0,0,696443.8769,4063751.561,5.224514008,5.082181931,0.005943928,2.41,2,5
592,4.98,4.26,1.58,17.55,5,6,0,0,696440.0353,4063755.358,3.79197073,5.786949635,0.005947215,1.88,0,7
593,2.8,2.05,0.72,2.16,5,0,0,0,696443.6729,4063756.551,3.526129246,4.832509518,0.005951624,2.69,5,1
594,2.83,2.26,0.96,3.21,5,1,0,0,696450.2779,4063776.463,10.74193954,3.460702419,0.006018645,11.94,9,3
595,3.4,3.25,0.9,5.21,5,3,0,0,696453.944,4063784.206,10.43083572,3.183327913,0.005066344,7.48,3,3
596,4.16,2.86,1.45,9.03,5,3,0,0,696450.3964,4063794.671,7.069046974,3.206636429,0.005942355,5.23,5,5
597,3.68,2.46,1.22,5.78,5,4,0,0,696430.8118,4063787.228,7.042116165,4.223760605,0.006470274,7.46,4,4
598,4,2.5,1.28,6.7,5,3,0,0,696423.5837,4063806.155,10.82489491,1.514990926,0.007612958,11.25,9,6
599,2.47,2.42,1.01,3.16,5,4,0,0,696433.7173,4063796.952,8.736852646,3.173984289,0.006784196,7.55,6,4
600,2.8,2.5,0.78,2.86,5,1,0,0,696443.5229,4063809.832,3.373473883,1.148148775,0.005339486,,,
601,3.36,2.43,1.14,4.87,5,3,0,0,696438.9643,4063817.609,3.607541084,0.238104105,0.004604752,2.17,3,3
602,1.4,1.4,0.76,0.78,5,4,0,0,696441.8131,4063818.119,3.703076124,0.389914751,0.004469471,,,
603,1.75,1.43,0.86,1.13,5,7,0,0,696436.3787,4063821.213,1.756574154,0.123870634,0.004486279,,,
604,0.98,0.85,0.53,0.23,5,5,0,0,696435.2322,4063816.636,3.577692986,0.203177765,0.005274128,,,
605,0.81,0.54,0.53,0.12,5,2,0,0,696432.8959,4063805.481,7.260510445,2.091763973,0.006845471,,,
606,1.83,1.5,0.99,1.42,5,1,0,0,696436.3129,4063789.019,7.174455166,3.650601864,0.006739159,,,
607,1.43,1.47,0.84,0.92,5,5,0,0,696436.9636,4063784.039,7.797698498,4.655609131,0.006815379,,,
608,1.45,2.07,1.02,1.6,5,3,0,0,696438.7909,4063778.419,7.23844099,5.086366653,0.006973768,,,
609,1.04,1.45,1.2,0.95,5,4,0,0,696436.6823,4063776.817,6.350832939,5.136749744,0.007327737,,,
610,1.36,1.58,1.1,1.24,5,5,0,0,696450.5568,4063787.681,6.986800194,3.211915731,0.005059017,,,
611,1.23,1.1,0.9,0.64,5,1,0,0,696429.508,4063797.3,12.58974648,2.802402973,0.007479719,,,
612,2.2,1.9,1.2,2.63,5,6,1,0,696407.6278,4063819.776,4.007445812,0.32533747,0.007465828,7.73,3,2
613,1.1,0.8,0.9,0.41,5,5,1,0,696400.5491,4063816.617,5.515808105,0.695602596,0.007042277,,,
614,2.2,1.6,0.9,1.66,5,4,1,0,696401.3717,4063827.514,4.747557163,0.368994087,0.006805892,9.71,5,3
615,1.9,1.7,1.3,2.2,5,9,1,0,696425.3417,4063834.725,0.469029248,0.205768794,0.005092274,18.72,0,5
616,1.08,1,0.84,0.48,5,8,0,0,696429.2603,4063839.256,0.842487156,0.129346877,0.004112276,,,
617,2.23,2.4,1.12,3.14,5,9,0,0,696426.8615,4063850.302,1.142511249,-9999,0.002469641,11.42,3,3
618,3.2,1.9,1,3.18,5,6,1,1,696418.1063,4063857.871,1.743659616,-9999,0.002537653,5.17,2,2
619,2.63,2.9,1.07,4.27,5,6,0,0,696414.147,4063855.116,1.121067286,-9999,0.002740475,5.4,1,5
620,0.96,1.07,0.81,0.44,5,8,0,0,696410.8255,4063847.935,1.264855266,-9999,0.003762963,6.13,2,2
621,2.8,3,1.3,5.72,5,9,1,0,696406.4525,4063843.727,1.796161175,0.406389624,0.004966152,9.33,2,1
622,2.33,2.55,1.01,3.14,5,5,0,0,696394.662,4063847.231,2.977352619,0.409034848,0.004252081,1.64,0,2
623,1.28,1.4,0.82,0.77,5,2,0,0,696382.9214,4063832.975,0.619553447,0.533091962,0.005467912,1.77,1,1
624,1.27,0.92,0.93,0.57,5,3,0,0,696382.0381,4063832.51,0.697359681,0.53881073,0.005376991,1.95,2,4
625,2.65,2.97,0.97,4,5,3,0,0,696381.3796,4063833.938,0.911187708,0.562742949,0.005012702,6.77,4,6
626,5.34,4.8,1.43,19.19,5,5,0,0,696374.3345,4063837.107,2.634443045,0.593119681,0.00385077,,,
627,0.75,0.6,0.83,0.2,5,4,0,0,696370.3593,4063827.247,1.032424212,0.338762641,0.004327309,10.55,2,0
628,2.23,3.67,1.5,6.43,5,6,0,0,696370.1956,4063822.692,0.8713817,0.315095842,0.004669954,11.29,2,0
629,5.72,4.55,1.74,23.71,5,7,0,1,696363.5874,4063795.121,2.149086952,-9999,0.002838752,7.82,1,7
630,2.86,4.54,1.05,7.14,5,5,0,0,696373.8628,4063807.012,0.999257326,0.537557125,0.006003685,,,
631,2.71,1.95,0.72,1.99,5,6,0,0,696377.9288,4063801.222,1.935350537,0.722585261,0.005717567,8.67,4,4
632,3.01,3.79,1.28,7.65,5,6,0,0,696382.7389,4063813.655,3.176373243,0.478957891,0.006829428,9.4,2,5
633,3.2,2.72,1.19,5.42,5,5,0,0,696390.7447,4063823.163,2.826339722,0.347277462,0.006426794,,,
634,0.7,0.6,0.7,0.15,5,6,1,0,696399.3744,4063809.374,5.605277061,0.989116848,0.00689281,6.42,3,7
635,5.04,3.12,1.49,12.27,5,7,0,0,696393.3962,4063812.789,8.33382988,0.418082535,0.00747241,,,
636,0.63,0.59,0.7,0.14,5,5,0,0,696401.7126,4063808.762,5.214225292,0.983542383,0.006740328,,,
637,1.27,1.05,0.9,0.63,5,5,0,0,696401.4725,4063807.535,5.101855755,0.98238945,0.006682081,,,
638,3.9,3.4,1.1,7.64,5,5,1,1,696376.9071,4063791.208,1.487611055,0.737006903,0.004092174,9.12,5,4
639,3.64,2.78,1.13,5.99,5,3,0,0,696382.2791,4063771.349,3.427789211,1.747872949,0.002953487,13.05,1,3
640,2.1,2.38,1.12,2.93,5,5,0,0,696385.1697,4063785.625,2.920958996,1.712414622,0.005322296,9.17,2,2
641,0.96,0.97,1,0.49,5,4,0,0,696396.1998,4063784.102,4.05073595,2.952516317,0.004956943,8.91,2,2
642,3.55,3.68,1.66,11.35,5,4,0,0,696386.9289,4063790.772,2.789757013,1.941888213,0.005594709,13.24,6,5
643,3.15,2.65,1.41,6.16,5,5,0,0,696412.0526,4063794.457,8.859744072,2.835584879,0.007286345,8.32,6,5
644,3.34,3.73,1.73,11.28,5,6,0,0,696410.9295,4063796.651,7.790631294,2.038774729,0.007158057,9.18,7,6
645,1.5,1.3,0.89,0.91,5,4,0,0,696410.3261,4063780.097,5.629946232,4.330708027,0.006443193,10.45,0,5
646,3.6,2.6,1.7,8.33,5,8,1,0,696409.4856,4063769.976,4.70681715,5.107742786,0.004431759,9.24,4,9
647,4.25,6.48,1.09,15.72,5,6,0,0,696411.6192,4063762.698,5.971558571,4.89286375,0.003348593,11.11,6,8
648,2.1,1.9,1.2,2.51,5,8,1,0,696417.0303,4063752.831,7.143412113,4.892970562,0.003380824,13.84,4,5
649,3.56,5.6,1.48,15.45,5,5,0,0,696428.1085,4063745.315,8.870073318,5.128325462,0.00424683,6.26,3,9
650,4.2,2.6,1.2,6.86,5,5,1,1,696433.399,4063725.122,13.0809927,5.921047688,0.003446482,3.02,1,6
651,1.7,1.5,1.2,1.6,5,6,1,0,696437.8838,4063720.562,14.30666542,6.407787323,0.003310143,5.72,1,2
652,3.03,2.84,0.94,4.24,5,3,0,0,696443.9257,4063714.373,10.37625599,7.070086479,0.00515711,7.68,7,4
653,5.42,3.1,0.8,7.04,5,3,0,0,696449.3889,4063721.714,16.30570984,6.588789463,0.006745769,5.94,1,6
654,4.41,5.49,1.51,19.14,5,2,0,0,696460.1175,4063713.857,14.80722237,7.492962837,0.007173496,2.82,1,6
655,3.25,3.68,1.42,8.89,5,7,0,0,696465.5212,4063708.209,10.72671032,7.738835335,0.007270392,4.24,0,7
656,4.65,4.46,1.25,13.57,5,6,0,0,696465.2326,4063705.205,8.853298187,7.595445633,0.006583783,,,
657,1,1.68,0.63,0.55,5,0,0,0,696467.6882,4063703.374,7.980782509,7.056643963,0.006095269,,,
658,1.05,0.83,0.71,0.32,5,1,0,0,696467.7877,4063702.932,7.926299572,6.93929863,0.006063607,,,
659,1.25,1.33,0.6,0.52,5,1,0,0,696466.9887,4063702.692,7.648898602,6.991830826,0.006061434,,,
660,0.92,0.67,0.82,0.26,5,3,0,0,696467.9995,4063701.494,7.040459633,6.68554306,0.005983188,,,
661,1.28,1.95,0.94,1.23,5,3,0,0,696469.1455,4063698.301,4.98683548,6.611788273,0.005671433,,,
662,1.1,0.66,0.73,0.28,5,8,0,0,696465.9543,4063693.232,4.288413525,6.571405888,0.005137234,,,
663,4.54,4.65,1.64,18.13,5,8,0,0,696462.7379,4063693.158,5.20484066,6.420128822,0.005331703,,,
664,2.9,1.88,0.96,2.74,5,5,0,0,696470.2938,4063691.112,2.89815855,5.476379871,0.00521849,,,
665,2.89,2.26,1.45,4.96,5,9,0,0,696473.589,4063683.861,4.07032299,5.616705894,0.004961219,,,
666,2.34,2.25,1,2.76,5,6,0,0,696479.3503,4063682.106,8.660721779,5.354198933,0.004990393,,,
667,1.93,2.54,1.39,3.57,7,7,0,0,696490.1271,4063668.255,8.715582848,4.044644833,0.00239013,,,
668,2.94,3.52,1.72,9.32,7,6,0,0,696564.1318,4063587.03,16.18324471,6.646270752,0.005095776,,,
669,4.62,5.02,1.73,21.01,4,7,0,0,696557.9595,4063591.107,15.71901035,6.12744236,0.00616907,,,
670,2.78,2.72,0.79,3.13,4,4,0,0,696556.3234,4063596.176,16.29000092,5.371456623,0.005923393,,,
671,4.04,4.26,1.74,15.68,4,4,0,0,696547.1074,4063584.863,9.140237808,5.639220238,0.007391416,,,
672,3.56,4.32,1.92,15.46,4,5,0,0,696556.0699,4063579.963,10.7382288,5.803563118,0.006546079,,,
673,4.26,2.66,1.53,9.08,4,3,0,0,696539.8853,4063576.261,13.24040127,6.134645462,0.007740226,,,
674,2.75,3.52,1.05,5.32,4,3,0,0,696535.3463,4063571.494,18.22702026,7.052832127,0.007803822,,,
675,3.36,3.56,0.69,4.32,4,4,0,0,696541.1561,4063567.631,18.16766167,5.939521313,0.007636039,,,
676,2.81,3.98,0.98,5.74,4,2,0,0,696534.4728,4063562.815,17.11103249,6.00620842,0.006936733,,,
677,2.83,2.94,1.58,6.88,4,6,0,0,696532.622,4063561.663,17.62427139,6.094004631,0.00691705,,,
678,3.22,3.47,1.94,11.35,4,5,0,0,696529.1659,4063568.133,18.2837162,6.295144081,0.007110933,,,
679,4.28,3.76,1.9,16.01,4,5,0,0,696523.7308,4063563.457,18.25021553,6.333294868,0.007057053,,,
680,3.74,3.9,1.03,7.87,4,7,0,0,696526.7735,4063559.419,18.28388786,6.28706789,0.006338396,,,
681,2.42,2.54,0.87,2.8,7,7,0,0,696530.6152,4063555.622,16.38344574,5.841347694,0.005337077,,,
682,5.15,5.08,1.97,26.99,7,5,0,0,696524.0055,4063543.703,16.14152336,5.731464863,0.004026522,,,
683,5.1,5.35,1.75,25,7,6,0,0,696501.0108,4063552.389,16.80502701,6.945409298,0.003108299,,,
684,1.4,1.55,0.92,1.05,4,6,0,0,696516.6421,4063568.511,16.80502701,6.704123497,0.006591541,,,
685,5.45,3.6,2.49,25.58,4,6,0,0,696509.3546,4063578.335,11.10024929,6.539139748,0.005653116,,,
686,3.13,2.85,1.08,5.04,7,5,0,0,696503.5574,4063581.643,9.5,6.987078667,0.003318139,,,
687,4.05,5.26,1.49,16.62,7,6,0,0,696503.7338,4063585.643,9.234430313,7.010276794,0.00347691,,,
688,4.06,3.46,1.47,10.81,4,3,0,0,696518.0133,4063574.981,14.52859783,6.575950146,0.0066129,,,
689,3.93,2.89,1.55,9.22,4,5,0,0,696526.8233,4063584.508,16.76471329,5.456618309,0.007375423,,,
690,4.07,2.93,1.81,11.3,4,4,0,0,696522.1444,4063589.729,12.57545567,6.368989468,0.00658006,,,
691,2.57,2.26,1.25,3.8,4,6,0,0,696534.9795,4063587.471,11.81426525,5.856613636,0.008059699,,,
692,3.74,3.18,1.49,9.28,4,2,0,0,696534.8341,4063589.91,11.61684608,6.325636387,0.007868307,,,
693,2.53,2.93,1.56,6.05,4,8,0,0,696537.249,4063589.854,10.29080296,6.462524414,0.007671465,,,
694,3.79,5.14,1.53,15.61,4,5,0,0,696549.8446,4063598.025,14.70381069,6.355827332,0.005892302,,,
695,3.7,3.8,2,14.72,4,9,1,0,696537.9522,4063613.737,17.68744278,8.545660019,0.005569642,5.11,3,4
