FID,uniID,Count_,Shrub_Cov,Aspect,Slope,Elev,x_utm,y_utm,x_wgs,y_wgs
0,1549.000000000000000,1,0.0242031,135.0000000,2.0248699,666,697259.999998999992386,4062640.000000000000000,-120.792118000000002,36.688969000000000
1,1632.000000000000000,2,0.0071713,90.0000000,3.5763299,666,697259.999998999992386,4062660.000000000000000,-120.792113000000001,36.689149000000000
2,1633.000000000000000,1,0.0116533,82.5686035,8.2485704,663,697279.999998999992386,4062660.000000000000000,-120.791888999999998,36.689145000000003
3,1714.000000000000000,0,0.0000000,333.4349976,1.6010500,666,697239.999998999992386,4062680.000000000000000,-120.792332000000002,36.689332999999998
4,1715.000000000000000,0,0.0152390,63.4348984,4.7931800,666,697259.999998999992386,4062680.000000000000000,-120.792107999999999,36.689329000000001
5,1716.000000000000000,2,0.0268923,79.6951981,7.9558001,663,697279.999998999992386,4062680.000000000000000,-120.791883999999996,36.689324999999997
6,1796.000000000000000,2,0.0170318,281.3099976,1.8253300,665,697219.999998999992386,4062700.000000000000000,-120.792550000000006,36.689517000000002
7,1797.000000000000000,0,0.0000000,26.5650997,1.6010500,665,697239.999998999992386,4062700.000000000000000,-120.792326000000003,36.689512999999998
8,1798.000000000000000,0,0.0080677,63.4348984,4.7931800,664,697259.999998999992386,4062700.000000000000000,-120.792102999999997,36.689509000000001
9,1799.000000000000000,4,0.0233067,79.9919968,6.1579199,662,697279.999998999992386,4062700.000000000000000,-120.791878999999994,36.689504999999997
10,1878.000000000000000,0,0.0134462,264.8059998,3.9490600,664,697199.999998999992386,4062720.000000000000000,-120.792769000000007,36.689701999999997
11,1879.000000000000000,0,0.0484062,288.4349976,1.1322600,665,697219.999998999992386,4062720.000000000000000,-120.792545000000004,36.689698000000000
12,1880.000000000000000,1,0.0008964,59.0362015,2.0871301,665,697239.999998999992386,4062720.000000000000000,-120.792321000000001,36.689692999999998
13,1881.000000000000000,0,0.0215139,74.7449036,4.0760598,664,697259.999998999992386,4062720.000000000000000,-120.792097999999996,36.689689000000001
14,1882.000000000000000,2,0.0080677,90.0000000,4.2891502,662,697279.999998999992386,4062720.000000000000000,-120.791874000000007,36.689684999999997
15,1960.000000000000000,0,0.0062749,225.0000000,4.5482702,663,697179.999998999992386,4062740.000000000000000,-120.792986999999997,36.689886000000001
16,1961.000000000000000,0,0.0035856,225.0000000,3.5404799,664,697199.999998999992386,4062740.000000000000000,-120.792764000000005,36.689881999999997
17,1962.000000000000000,0,0.0313744,90.0000000,0.7161600,665,697219.999998999992386,4062740.000000000000000,-120.792540000000002,36.689878000000000
18,1963.000000000000000,0,0.0000000,53.1301003,3.5763299,664,697239.999998999992386,4062740.000000000000000,-120.792316000000000,36.689874000000003
19,1964.000000000000000,0,0.0089641,53.1301003,3.5763299,663,697259.999998999992386,4062740.000000000000000,-120.792091999999997,36.689869000000002
20,1965.000000000000000,0,0.0026892,81.8699036,2.5304899,662,697279.999998999992386,4062740.000000000000000,-120.791869000000005,36.689864999999998
21,2043.000000000000000,0,0.0089641,225.0000000,5.0511498,665,697179.999998999992386,4062760.000000000000000,-120.792981999999995,36.690066000000002
22,2044.000000000000000,0,0.0394421,188.1300049,2.5304899,666,697199.999998999992386,4062760.000000000000000,-120.792758000000006,36.690061999999998
23,2045.000000000000000,0,0.0277887,96.3402023,3.2392700,665,697219.999998999992386,4062760.000000000000000,-120.792535000000001,36.690058000000001
24,2046.000000000000000,3,0.0250995,71.5650024,4.5202298,663,697239.999998999992386,4062760.000000000000000,-120.792310999999998,36.690054000000003
25,2047.000000000000000,3,0.0107569,45.0000000,3.0357201,662,697259.999998999992386,4062760.000000000000000,-120.792086999999995,36.690049999999999
26,2048.000000000000000,0,0.0000000,26.5650997,1.6010500,662,697279.999998999992386,4062760.000000000000000,-120.791864000000004,36.690044999999998
27,2127.000000000000000,1,0.0573703,45.0000000,1.5189300,666,697199.999998999992386,4062780.000000000000000,-120.792753000000005,36.690241999999998
28,2128.000000000000000,0,0.0277887,74.7449036,4.0760598,665,697219.999998999992386,4062780.000000000000000,-120.792529000000002,36.690238000000001
29,2129.000000000000000,4,0.0259959,81.8699036,5.0511498,663,697239.999998999992386,4062780.000000000000000,-120.792305999999996,36.690233999999997
30,2130.000000000000000,1,0.0000000,66.8013992,2.7251401,661,697259.999998999992386,4062780.000000000000000,-120.792081999999994,36.690230000000000
31,2131.000000000000000,1,0.0161354,0.0000000,1.4321001,661,697279.999998999992386,4062780.000000000000000,-120.791858000000005,36.690226000000003
32,2210.000000000000000,0,0.0000000,30.9638004,4.1687398,665,697199.999998999992386,4062800.000000000000000,-120.792748000000003,36.690421999999998
33,2211.000000000000000,3,0.0322708,38.6598015,4.5761399,664,697219.999998999992386,4062800.000000000000000,-120.792524000000000,36.690418000000001
34,2212.000000000000000,1,0.0510954,65.5559998,4.3187199,663,697239.999998999992386,4062800.000000000000000,-120.792300999999995,36.690413999999997
35,2213.000000000000000,0,0.0215139,81.8699036,2.5304899,661,697259.999998999992386,4062800.000000000000000,-120.792077000000006,36.690410000000000
36,2214.000000000000000,2,0.0331672,45.0000000,0.5064150,661,697279.999998999992386,4062800.000000000000000,-120.791853000000003,36.690406000000003
37,2215.000000000000000,0,0.0000000,45.0000000,2.0248699,661,697299.999998999992386,4062800.000000000000000,-120.791629999999998,36.690401999999999
38,2294.000000000000000,1,0.0313744,35.5377007,3.0775199,662,697219.999998999992386,4062820.000000000000000,-120.792518999999999,36.690598000000001
39,2295.000000000000000,0,0.0107569,59.0362015,2.0871301,662,697239.999998999992386,4062820.000000000000000,-120.792294999999996,36.690593999999997
40,2296.000000000000000,1,0.0062749,116.5650024,1.6010500,661,697259.999998999992386,4062820.000000000000000,-120.792072000000005,36.690590000000000
41,2297.000000000000000,0,0.0000000,135.0000000,1.5189300,661,697279.999998999992386,4062820.000000000000000,-120.791848000000002,36.690586000000003
42,2298.000000000000000,2,0.0080677,98.1300964,2.5304899,660,697299.999998999992386,4062820.000000000000000,-120.791623999999999,36.690581999999999
43,2377.000000000000000,0,0.0654380,108.4349976,1.1322600,662,697219.999998999992386,4062840.000000000000000,-120.792513999999997,36.690778999999999
44,2378.000000000000000,2,0.0403385,135.0000000,1.0127500,662,697239.999998999992386,4062840.000000000000000,-120.792289999999994,36.690773999999998
45,2379.000000000000000,5,0.0439241,161.5650024,1.1322600,662,697259.999998999992386,4062840.000000000000000,-120.792067000000003,36.690770000000001
46,2380.000000000000000,2,0.0000000,120.9639969,2.0871301,662,697279.999998999992386,4062840.000000000000000,-120.791843000000000,36.690766000000004
47,2381.000000000000000,2,0.0770913,84.8056030,3.9490600,661,697299.999998999992386,4062840.000000000000000,-120.791618999999997,36.690761999999999
48,2461.000000000000000,1,0.0143426,135.0000000,1.0127500,662,697239.999998999992386,4062860.000000000000000,-120.792285000000007,36.690955000000002
49,2462.000000000000000,1,0.0188246,90.0000000,0.7161600,662,697259.999998999992386,4062860.000000000000000,-120.792061000000004,36.690950000000001
50,2463.000000000000000,2,0.0215139,63.4348984,3.1996000,662,697279.999998999992386,4062860.000000000000000,-120.791837999999998,36.690945999999997
51,2464.000000000000000,1,0.0197210,60.9454002,7.3333902,660,697299.999998999992386,4062860.000000000000000,-120.791613999999996,36.690942000000000
52,2543.000000000000000,0,0.0197210,296.5650024,1.6010500,662,697219.999998999992386,4062880.000000000000000,-120.792503999999994,36.691139000000000
53,2544.000000000000000,0,0.0026892,135.0000000,0.5064150,663,697239.999998999992386,4062880.000000000000000,-120.792280000000005,36.691135000000003
54,2545.000000000000000,1,0.0000000,75.9637985,2.9503500,662,697259.999998999992386,4062880.000000000000000,-120.792056000000002,36.691130999999999
55,2546.000000000000000,3,0.0125498,55.3047981,5.6437101,661,697279.999998999992386,4062880.000000000000000,-120.791832999999997,36.691125999999997
56,2547.000000000000000,0,0.0170318,62.3540001,8.4279604,659,697299.999998999992386,4062880.000000000000000,-120.791608999999994,36.691122000000000
57,2626.000000000000000,0,0.0528882,306.8699951,3.5763299,662,697219.999998999992386,4062900.000000000000000,-120.792499000000007,36.691319000000000
58,2627.000000000000000,1,0.0098605,0.0000000,1.4321001,663,697239.999998999992386,4062900.000000000000000,-120.792275000000004,36.691315000000003
59,2628.000000000000000,1,0.0143426,66.8013992,5.4380102,662,697259.999998999992386,4062900.000000000000000,-120.792051000000001,36.691310999999999
60,2629.000000000000000,0,0.0268923,60.9454002,7.3333902,659,697279.999998999992386,4062900.000000000000000,-120.791826999999998,36.691307000000002
61,2630.000000000000000,3,0.0161354,62.1026993,6.8552599,657,697299.999998999992386,4062900.000000000000000,-120.791604000000007,36.691302000000000
62,2709.000000000000000,0,0.0008964,315.0000000,6.0545001,661,697219.999998999992386,4062920.000000000000000,-120.792492999999993,36.691499000000000
63,2710.000000000000000,0,0.0143426,353.6600037,3.2392700,662,697239.999998999992386,4062920.000000000000000,-120.792270000000002,36.691495000000003
64,2711.000000000000000,1,0.0053785,64.9831009,5.9065700,661,697259.999998999992386,4062920.000000000000000,-120.792045999999999,36.691490999999999
65,2712.000000000000000,3,0.0197210,77.4711990,6.5740099,658,697279.999998999992386,4062920.000000000000000,-120.791821999999996,36.691487000000002
66,2713.000000000000000,0,0.0000000,95.1943970,3.9490600,656,697299.999998999992386,4062920.000000000000000,-120.791599000000005,36.691482999999998
67,2792.000000000000000,0,0.0179282,296.5650024,6.3793702,659,697219.999998999992386,4062940.000000000000000,-120.792488000000006,36.691679000000001
68,2793.000000000000000,2,0.0708164,329.0360107,2.0871301,661,697239.999998999992386,4062940.000000000000000,-120.792265000000000,36.691674999999996
69,2794.000000000000000,0,0.0143426,80.5376968,4.3480902,660,697259.999998999992386,4062940.000000000000000,-120.792040999999998,36.691670999999999
70,2795.000000000000000,1,0.0026892,102.9950027,4.7666001,658,697279.999998999992386,4062940.000000000000000,-120.791816999999995,36.691667000000002
71,2875.000000000000000,0,0.0179282,273.0130005,6.7814498,659,697219.999998999992386,4062960.000000000000000,-120.792483000000004,36.691859999999998
72,2876.000000000000000,0,0.0358564,258.6900024,1.8253300,661,697239.999998999992386,4062960.000000000000000,-120.792259000000001,36.691854999999997
73,2877.000000000000000,3,0.0161354,116.5650024,3.1996000,660,697259.999998999992386,4062960.000000000000000,-120.792035999999996,36.691851000000000
74,2878.000000000000000,2,0.0501990,127.8750000,4.0760598,659,697279.999998999992386,4062960.000000000000000,-120.791811999999993,36.691847000000003
75,2957.000000000000000,0,0.0116533,251.5650024,4.5202298,656,697199.999998999992386,4062980.000000000000000,-120.792702000000006,36.692044000000003
76,2958.000000000000000,0,0.0000000,270.0000000,6.4187899,659,697219.999998999992386,4062980.000000000000000,-120.792478000000003,36.692039999999999
77,2959.000000000000000,0,0.0000000,288.4349976,2.2636399,661,697239.999998999992386,4062980.000000000000000,-120.792254000000000,36.692036000000002
78,2960.000000000000000,0,0.0197210,90.0000000,1.4321001,661,697259.999998999992386,4062980.000000000000000,-120.792030999999994,36.692031000000000
79,2961.000000000000000,0,0.0000000,123.6900024,2.5805399,660,697279.999998999992386,4062980.000000000000000,-120.791807000000006,36.692027000000003
80,3040.000000000000000,1,0.0000000,225.0000000,3.5404799,657,697199.999998999992386,4063000.000000000000000,-120.792697000000004,36.692224000000003
81,3041.000000000000000,1,0.0026892,265.6010132,4.6587400,659,697219.999998999992386,4063000.000000000000000,-120.792473000000001,36.692219999999999
82,3042.000000000000000,0,0.0000000,300.9639893,2.0871301,660,697239.999998999992386,4063000.000000000000000,-120.792248999999998,36.692216000000002
83,3043.000000000000000,0,0.0000000,18.4349003,1.1322600,660,697259.999998999992386,4063000.000000000000000,-120.792024999999995,36.692211999999998
84,3044.000000000000000,0,0.0000000,90.0000000,0.7161600,660,697279.999998999992386,4063000.000000000000000,-120.791802000000004,36.692207000000003
85,3123.000000000000000,0,0.0000000,188.1300049,2.5304899,658,697199.999998999992386,4063020.000000000000000,-120.792691000000005,36.692404000000003
86,3124.000000000000000,0,0.0537846,261.8699951,2.5304899,659,697219.999998999992386,4063020.000000000000000,-120.792468000000000,36.692399999999999
87,3125.000000000000000,0,0.0000000,296.5650024,1.6010500,660,697239.999998999992386,4063020.000000000000000,-120.792243999999997,36.692396000000002
88,3126.000000000000000,0,0.0000000,315.0000000,0.5064150,660,697259.999998999992386,4063020.000000000000000,-120.792019999999994,36.692391999999998
89,3127.000000000000000,0,0.0000000,-1.0000000,0.0000000,660,697279.999998999992386,4063020.000000000000000,-120.791797000000003,36.692388000000001
90,3206.000000000000000,1,0.0062749,135.0000000,1.5189300,659,697199.999998999992386,4063040.000000000000000,-120.792686000000003,36.692583999999997
91,3207.000000000000000,1,0.0035856,270.0000000,0.7161600,659,697219.999998999992386,4063040.000000000000000,-120.792462999999998,36.692580000000000
92,3208.000000000000000,0,0.0000000,315.0000000,1.5189300,659,697239.999998999992386,4063040.000000000000000,-120.792238999999995,36.692576000000003
93,3209.000000000000000,0,0.0000000,348.6900024,1.8253300,660,697259.999998999992386,4063040.000000000000000,-120.792015000000006,36.692571999999998
94,3288.000000000000000,1,0.0062749,90.0000000,1.4321001,660,697179.999998999992386,4063060.000000000000000,-120.792905000000005,36.692768999999998
95,3289.000000000000000,0,0.0053785,90.0000000,1.4321001,659,697199.999998999992386,4063060.000000000000000,-120.792681000000002,36.692763999999997
96,3290.000000000000000,0,0.0000000,45.0000000,0.5064150,659,697219.999998999992386,4063060.000000000000000,-120.792456999999999,36.692760000000000
97,3291.000000000000000,0,0.0008964,11.3099003,1.8253300,659,697239.999998999992386,4063060.000000000000000,-120.792233999999993,36.692756000000003
98,3292.000000000000000,0,0.0215139,15.2551003,4.0760598,659,697259.999998999992386,4063060.000000000000000,-120.792010000000005,36.692751999999999
99,3371.000000000000000,1,0.0233067,116.5650024,1.6010500,660,697179.999998999992386,4063080.000000000000000,-120.792900000000003,36.692948999999999
100,3372.000000000000000,0,0.0035856,101.3099976,1.8253300,659,697199.999998999992386,4063080.000000000000000,-120.792676000000000,36.692945000000002
101,3373.000000000000000,0,0.0000000,63.4348984,1.6010500,659,697219.999998999992386,4063080.000000000000000,-120.792451999999997,36.692940999999998
102,3374.000000000000000,1,0.0062749,45.0000000,3.5404799,658,697239.999998999992386,4063080.000000000000000,-120.792227999999994,36.692936000000003
103,3375.000000000000000,2,0.0000000,33.6901016,5.1506500,657,697259.999998999992386,4063080.000000000000000,-120.792005000000003,36.692931999999999
104,3453.000000000000000,0,0.0143426,288.4349976,1.1322600,660,697159.999998999992386,4063100.000000000000000,-120.793118000000007,36.693133000000003
105,3454.000000000000000,1,0.0035856,108.4349976,1.1322600,661,697179.999998999992386,4063100.000000000000000,-120.792894000000004,36.693128999999999
106,3455.000000000000000,0,0.0188246,108.4349976,2.2636399,659,697199.999998999992386,4063100.000000000000000,-120.792670999999999,36.693125000000002
107,3456.000000000000000,0,0.0000000,90.0000000,2.8624101,659,697219.999998999992386,4063100.000000000000000,-120.792446999999996,36.693120999999998
108,3457.000000000000000,1,0.0000000,71.5650024,4.5202298,657,697239.999998999992386,4063100.000000000000000,-120.792223000000007,36.693117000000001
109,3458.000000000000000,0,0.0000000,55.3047981,5.6437101,656,697259.999998999992386,4063100.000000000000000,-120.792000000000002,36.693111999999999
110,3535.000000000000000,2,0.0000000,315.0000000,3.5404799,659,697139.999998999992386,4063120.000000000000000,-120.793336999999994,36.693317000000000
111,3536.000000000000000,2,0.0000000,326.3099976,2.5805399,660,697159.999998999992386,4063120.000000000000000,-120.793113000000005,36.693313000000003
112,3537.000000000000000,0,0.0197210,0.0000000,1.4321001,660,697179.999998999992386,4063120.000000000000000,-120.792889000000002,36.693308999999999
113,3538.000000000000000,4,0.0017928,90.0000000,1.4321001,660,697199.999998999992386,4063120.000000000000000,-120.792665999999997,36.693305000000002
114,3539.000000000000000,0,0.0000000,95.1943970,3.9490600,659,697219.999998999992386,4063120.000000000000000,-120.792441999999994,36.693300999999998
115,3540.000000000000000,1,0.0188246,82.8750000,5.7547402,657,697239.999998999992386,4063120.000000000000000,-120.792218000000005,36.693297000000001
116,3618.000000000000000,1,0.0331672,315.0000000,4.0446901,658,697139.999998999992386,4063140.000000000000000,-120.793332000000007,36.693497999999998
117,3619.000000000000000,1,0.0233067,333.4349976,3.1996000,659,697159.999998999992386,4063140.000000000000000,-120.793108000000004,36.693492999999997
118,3620.000000000000000,1,0.0017928,336.8009949,2.7251401,659,697179.999998999992386,4063140.000000000000000,-120.792884000000001,36.693489000000000
119,3621.000000000000000,1,0.0000000,11.3099003,1.8253300,660,697199.999998999992386,4063140.000000000000000,-120.792659999999998,36.693485000000003
120,3622.000000000000000,0,0.0062749,71.5650024,4.5202298,659,697219.999998999992386,4063140.000000000000000,-120.792437000000007,36.693480999999998
121,3623.000000000000000,1,0.0000000,75.2564011,7.0004802,657,697239.999998999992386,4063140.000000000000000,-120.792213000000004,36.693477000000001
122,3701.000000000000000,2,0.0242031,322.1250000,4.0760598,657,697139.999998999992386,4063160.000000000000000,-120.793325999999993,36.693677999999998
123,3702.000000000000000,2,0.0098605,338.1990051,3.8510301,658,697159.999998999992386,4063160.000000000000000,-120.793103000000002,36.693674000000001
124,3703.000000000000000,0,0.0000000,323.1300049,3.5763299,658,697179.999998999992386,4063160.000000000000000,-120.792878999999999,36.693669000000000
125,3704.000000000000000,0,0.0000000,348.6900024,1.8253300,659,697199.999998999992386,4063160.000000000000000,-120.792654999999996,36.693665000000003
126,3705.000000000000000,0,0.0026892,71.5650024,4.5202298,658,697219.999998999992386,4063160.000000000000000,-120.792432000000005,36.693660999999999
127,3783.000000000000000,1,0.0000000,263.6600037,3.2392700,655,697119.999998999992386,4063180.000000000000000,-120.793544999999995,36.693862000000003
128,3784.000000000000000,1,0.0403385,281.3099976,1.8253300,656,697139.999998999992386,4063180.000000000000000,-120.793321000000006,36.693857999999999
129,3785.000000000000000,2,0.0197210,315.0000000,1.5189300,656,697159.999998999992386,4063180.000000000000000,-120.793098000000001,36.693854000000002
130,3786.000000000000000,0,0.0000000,315.0000000,3.0357201,657,697179.999998999992386,4063180.000000000000000,-120.792873999999998,36.693849999999998
131,3787.000000000000000,0,0.0242031,353.6600037,3.2392700,659,697199.999998999992386,4063180.000000000000000,-120.792649999999995,36.693845000000003
132,3788.000000000000000,2,0.0233067,51.3401985,4.5761399,658,697219.999998999992386,4063180.000000000000000,-120.792426000000006,36.693840999999999
133,3862.000000000000000,4,0.0053785,177.5099945,8.1878500,653,697039.999998999992386,4063200.000000000000000,-120.794434999999993,36.694059000000003
134,3863.000000000000000,3,0.0053785,191.3099976,7.2646298,653,697059.999998999992386,4063200.000000000000000,-120.794211000000004,36.694054999999999
135,3864.000000000000000,2,0.0250995,210.9640045,6.2393899,654,697079.999998999992386,4063200.000000000000000,-120.793987000000001,36.694051000000002
136,3865.000000000000000,2,0.0224103,218.6600037,4.5761399,655,697099.999998999992386,4063200.000000000000000,-120.793763999999996,36.694046000000000
137,3866.000000000000000,0,0.0000000,225.0000000,4.0446901,656,697119.999998999992386,4063200.000000000000000,-120.793539999999993,36.694042000000003
138,3867.000000000000000,2,0.0242031,203.1990051,2.7251401,657,697139.999998999992386,4063200.000000000000000,-120.793316000000004,36.694037999999999
139,3868.000000000000000,2,0.0107569,161.5650024,1.1322600,657,697159.999998999992386,4063200.000000000000000,-120.793092000000001,36.694034000000002
140,3869.000000000000000,3,0.0188246,18.4349003,2.2636399,657,697179.999998999992386,4063200.000000000000000,-120.792868999999996,36.694029999999998
141,3870.000000000000000,1,0.0331672,11.3099003,5.4612598,656,697199.999998999992386,4063200.000000000000000,-120.792644999999993,36.694026000000001
142,3943.000000000000000,1,0.0134462,182.4900055,8.1878500,656,696999.999998999992386,4063220.000000000000000,-120.794877000000000,36.694246999999997
143,3944.000000000000000,1,0.0035856,180.0000000,8.5307703,656,697019.999998999992386,4063220.000000000000000,-120.794652999999997,36.694243000000000
144,3945.000000000000000,1,0.0286851,169.6950073,7.9558001,656,697039.999998999992386,4063220.000000000000000,-120.794430000000006,36.694239000000003
145,3946.000000000000000,3,0.0098605,176.6340027,6.0753298,655,697059.999998999992386,4063220.000000000000000,-120.794206000000003,36.694234999999999
146,3947.000000000000000,2,0.0600595,198.4349976,4.5202298,656,697079.999998999992386,4063220.000000000000000,-120.793982000000000,36.694231000000002
147,3948.000000000000000,0,0.0044820,209.0549927,3.6817801,656,697099.999998999992386,4063220.000000000000000,-120.793757999999997,36.694226999999998
148,3949.000000000000000,3,0.0376493,225.0000000,3.5404799,657,697119.999998999992386,4063220.000000000000000,-120.793535000000006,36.694222000000003
149,3950.000000000000000,3,0.0143426,161.5650024,1.1322600,658,697139.999998999992386,4063220.000000000000000,-120.793311000000003,36.694217999999999
150,3951.000000000000000,2,0.0107569,60.9454002,3.6817801,657,697159.999998999992386,4063220.000000000000000,-120.793087000000000,36.694214000000002
151,3952.000000000000000,1,0.0080677,40.2364006,6.0753298,656,697179.999998999992386,4063220.000000000000000,-120.792863999999994,36.694209999999998
152,4024.000000000000000,0,0.0107569,203.1990051,8.1266499,657,696959.999998999992386,4063240.000000000000000,-120.795319000000006,36.694436000000003
153,4025.000000000000000,1,0.0008964,198.4349976,7.8768501,658,696979.999998999992386,4063240.000000000000000,-120.795096000000001,36.694431999999999
154,4026.000000000000000,2,0.0089641,185.1940002,7.8609600,659,696999.999998999992386,4063240.000000000000000,-120.794871999999998,36.694426999999997
155,4027.000000000000000,5,0.0555775,174.2890015,7.1601801,659,697019.999998999992386,4063240.000000000000000,-120.794647999999995,36.694423000000000
156,4028.000000000000000,0,0.0259959,149.0359955,6.2393899,659,697039.999998999992386,4063240.000000000000000,-120.794424000000006,36.694419000000003
157,4029.000000000000000,0,0.0026892,142.1250000,4.0760598,657,697059.999998999992386,4063240.000000000000000,-120.794201000000001,36.694414999999999
158,4030.000000000000000,1,0.0358564,191.3099976,1.8253300,657,697079.999998999992386,4063240.000000000000000,-120.793976999999998,36.694411000000002
159,4031.000000000000000,1,0.0170318,225.0000000,1.5189300,657,697099.999998999992386,4063240.000000000000000,-120.793752999999995,36.694406999999998
160,4032.000000000000000,2,0.0152390,270.0000000,1.4321001,658,697119.999998999992386,4063240.000000000000000,-120.793530000000004,36.694403000000001
161,4033.000000000000000,0,0.0000000,54.4622993,3.0775199,658,697139.999998999992386,4063240.000000000000000,-120.793306000000001,36.694398000000000
162,4105.000000000000000,0,0.0268923,182.1210022,9.5848703,658,696919.999998999992386,4063260.000000000000000,-120.795761999999996,36.694623999999997
163,4106.000000000000000,1,0.0008964,199.7989960,9.4288702,659,696939.999998999992386,4063260.000000000000000,-120.795537999999993,36.694620000000000
164,4107.000000000000000,3,0.0403385,195.2550049,8.1112804,660,696959.999998999992386,4063260.000000000000000,-120.795314000000005,36.694616000000003
165,4108.000000000000000,0,0.0636452,196.3899994,6.3197699,661,696979.999998999992386,4063260.000000000000000,-120.795090000000002,36.694611999999999
166,4109.000000000000000,2,0.0000000,180.0000000,4.2891502,662,696999.999998999992386,4063260.000000000000000,-120.794866999999996,36.694608000000002
167,4110.000000000000000,1,0.0179282,126.8700027,3.5763299,661,697019.999998999992386,4063260.000000000000000,-120.794642999999994,36.694603000000001
168,4111.000000000000000,3,0.0250995,82.8750000,5.7547402,660,697039.999998999992386,4063260.000000000000000,-120.794419000000005,36.694598999999997
169,4112.000000000000000,3,0.0752985,57.5288010,4.6587400,657,697059.999998999992386,4063260.000000000000000,-120.794195999999999,36.694595000000000
170,4113.000000000000000,5,0.0322708,0.0000000,2.8624101,657,697079.999998999992386,4063260.000000000000000,-120.793971999999997,36.694591000000003
171,4114.000000000000000,2,0.0295816,353.6600037,3.2392700,657,697099.999998999992386,4063260.000000000000000,-120.793747999999994,36.694586999999999
172,4115.000000000000000,0,0.0206174,354.8059998,3.9490600,657,697119.999998999992386,4063260.000000000000000,-120.793524000000005,36.694583000000002
173,4185.000000000000000,0,0.0215139,152.1029968,6.8552599,666,696859.999998999992386,4063280.000000000000000,-120.796428000000006,36.694817000000000
174,4186.000000000000000,3,0.0053785,138.5760040,8.0649700,664,696879.999998999992386,4063280.000000000000000,-120.796204000000003,36.694813000000003
175,4187.000000000000000,4,0.0340636,149.9309998,7.8130798,662,696899.999998999992386,4063280.000000000000000,-120.795980000000000,36.694808000000002
176,4188.000000000000000,1,0.0430277,176.9869995,6.7814498,661,696919.999998999992386,4063280.000000000000000,-120.795755999999997,36.694803999999998
177,4189.000000000000000,2,0.0000000,200.5559998,6.0960798,662,696939.999998999992386,4063280.000000000000000,-120.795533000000006,36.694800000000001
178,4190.000000000000000,2,0.0394421,185.1940002,3.9490600,663,696959.999998999992386,4063280.000000000000000,-120.795309000000003,36.694795999999997
179,4191.000000000000000,1,0.0008964,153.4349976,1.6010500,662,696979.999998999992386,4063280.000000000000000,-120.795085000000000,36.694792000000000
180,4192.000000000000000,2,0.0134462,59.0362015,2.0871301,662,696999.999998999992386,4063280.000000000000000,-120.794861999999995,36.694788000000003
181,4193.000000000000000,3,0.0421313,59.0362015,6.2393899,661,697019.999998999992386,4063280.000000000000000,-120.794638000000006,36.694783999999999
182,4194.000000000000000,2,0.0098605,57.5288010,9.2566795,658,697039.999998999992386,4063280.000000000000000,-120.794414000000003,36.694778999999997
183,4195.000000000000000,0,0.0600595,37.4053993,7.6184301,655,697059.999998999992386,4063280.000000000000000,-120.794190000000000,36.694775000000000
184,4196.000000000000000,2,0.0170318,0.0000000,6.4187899,655,697079.999998999992386,4063280.000000000000000,-120.793966999999995,36.694771000000003
185,4197.000000000000000,0,0.0501990,356.6340027,6.0753298,655,697099.999998999992386,4063280.000000000000000,-120.793743000000006,36.694766999999999
186,4266.000000000000000,1,0.0331672,243.4349976,3.1996000,667,696819.999998999992386,4063300.000000000000000,-120.796869999999998,36.695005000000002
187,4267.000000000000000,1,0.0394421,225.0000000,0.5064150,668,696839.999998999992386,4063300.000000000000000,-120.796645999999996,36.695000999999998
188,4268.000000000000000,4,0.0295816,96.3402023,3.2392700,667,696859.999998999992386,4063300.000000000000000,-120.796423000000004,36.694997000000001
189,4269.000000000000000,1,0.0116533,108.4349976,4.5202298,665,696879.999998999992386,4063300.000000000000000,-120.796199000000001,36.694992999999997
190,4270.000000000000000,3,0.0618523,127.8750000,4.0760598,664,696899.999998999992386,4063300.000000000000000,-120.795974999999999,36.694989000000000
191,4271.000000000000000,2,0.0188246,146.3099976,2.5805399,663,696919.999998999992386,4063300.000000000000000,-120.795750999999996,36.694985000000003
192,4272.000000000000000,0,0.0107569,225.0000000,0.5064150,663,696939.999998999992386,4063300.000000000000000,-120.795528000000004,36.694980000000001
193,4273.000000000000000,0,0.0008964,45.0000000,1.5189300,663,696959.999998999992386,4063300.000000000000000,-120.795304000000002,36.694975999999997
194,4274.000000000000000,1,0.0340636,53.1301003,3.5763299,662,696979.999998999992386,4063300.000000000000000,-120.795079999999999,36.694972000000000
195,4275.000000000000000,2,0.0224103,45.0000000,6.0545001,661,696999.999998999992386,4063300.000000000000000,-120.794855999999996,36.694968000000003
196,4276.000000000000000,2,0.0179282,48.1797981,9.0536499,659,697019.999998999992386,4063300.000000000000000,-120.794633000000005,36.694963999999999
197,4277.000000000000000,1,0.0340636,53.9725990,9.6490698,656,697039.999998999992386,4063300.000000000000000,-120.794409000000002,36.694960000000002
198,4278.000000000000000,2,0.0376493,45.0000000,7.0541301,653,697059.999998999992386,4063300.000000000000000,-120.794184999999999,36.694955000000000
199,4279.000000000000000,1,0.0116533,3.8140700,5.3676400,652,697079.999998999992386,4063300.000000000000000,-120.793961999999993,36.694951000000003
200,4343.000000000000000,0,0.0125498,180.0000000,9.9262505,663,696699.999998999992386,4063320.000000000000000,-120.798207000000005,36.695210000000003
201,4344.000000000000000,0,0.0224103,205.3459930,7.4857101,664,696719.999998999992386,4063320.000000000000000,-120.797983000000002,36.695205999999999
202,4345.000000000000000,0,0.0188246,225.0000000,4.0446901,665,696739.999998999992386,4063320.000000000000000,-120.797759999999997,36.695202000000002
203,4346.000000000000000,1,0.0250995,45.0000000,1.0127500,666,696759.999998999992386,4063320.000000000000000,-120.797535999999994,36.695197999999998
204,4347.000000000000000,2,0.0573703,26.5650997,3.1996000,665,696779.999998999992386,4063320.000000000000000,-120.797312000000005,36.695194000000001
205,4348.000000000000000,0,0.0206174,341.5650024,4.5202298,665,696799.999998999992386,4063320.000000000000000,-120.797089000000000,36.695189999999997
206,4349.000000000000000,1,0.0313744,341.5650024,5.6437101,666,696819.999998999992386,4063320.000000000000000,-120.796864999999997,36.695185000000002
207,4350.000000000000000,3,0.0000000,351.8699951,5.0511498,666,696839.999998999992386,4063320.000000000000000,-120.796640999999994,36.695180999999998
208,4351.000000000000000,4,0.0358564,29.0545998,3.6817801,666,696859.999998999992386,4063320.000000000000000,-120.796417000000005,36.695177000000001
209,4352.000000000000000,2,0.0304780,60.9454002,3.6817801,665,696879.999998999992386,4063320.000000000000000,-120.796194000000000,36.695172999999997
210,4353.000000000000000,1,0.0125498,63.4348984,3.1996000,664,696899.999998999992386,4063320.000000000000000,-120.795969999999997,36.695169000000000
211,4354.000000000000000,2,0.0286851,54.4622993,3.0775199,663,696919.999998999992386,4063320.000000000000000,-120.795745999999994,36.695165000000003
212,4355.000000000000000,1,0.0000000,26.5650997,3.1996000,662,696939.999998999992386,4063320.000000000000000,-120.795522000000005,36.695160999999999
213,4356.000000000000000,1,0.0071713,21.8013992,3.8510301,662,696959.999998999992386,4063320.000000000000000,-120.795299000000000,36.695155999999997
214,4357.000000000000000,1,0.0439241,45.0000000,5.0511498,661,696979.999998999992386,4063320.000000000000000,-120.795074999999997,36.695152000000000
215,4358.000000000000000,2,0.0457169,56.3098984,7.7001600,659,696999.999998999992386,4063320.000000000000000,-120.794850999999994,36.695148000000003
216,4359.000000000000000,1,0.0197210,54.4622993,9.1625299,656,697019.999998999992386,4063320.000000000000000,-120.794628000000003,36.695143999999999
217,4425.000000000000000,0,0.0143426,163.0720062,8.5453501,668,696679.999998999992386,4063340.000000000000000,-120.798426000000006,36.695394999999998
218,4426.000000000000000,2,0.0000000,163.3009949,7.4352999,666,696699.999998999992386,4063340.000000000000000,-120.798202000000003,36.695390000000003
219,4427.000000000000000,1,0.0493026,180.0000000,5.0006399,666,696719.999998999992386,4063340.000000000000000,-120.797978000000001,36.695385999999999
220,4428.000000000000000,1,0.0519918,135.0000000,2.0248699,666,696739.999998999992386,4063340.000000000000000,-120.797754999999995,36.695382000000002
221,4429.000000000000000,2,0.0277887,59.0362015,4.1687398,665,696759.999998999992386,4063340.000000000000000,-120.797531000000006,36.695377999999998
222,4430.000000000000000,4,0.0510954,33.6901016,5.1506500,663,696779.999998999992386,4063340.000000000000000,-120.797307000000004,36.695374000000001
223,4431.000000000000000,3,0.0000000,0.0000000,5.7105899,663,696799.999998999992386,4063340.000000000000000,-120.797083000000001,36.695369999999997
224,4432.000000000000000,1,0.0170318,347.4710083,6.5740099,663,696819.999998999992386,4063340.000000000000000,-120.796859999999995,36.695366000000000
225,4433.000000000000000,0,0.0000000,343.6099854,6.3197699,664,696839.999998999992386,4063340.000000000000000,-120.796636000000007,36.695360999999998
226,4434.000000000000000,2,0.0044820,3.8140700,5.3676400,665,696859.999998999992386,4063340.000000000000000,-120.796412000000004,36.695357000000001
227,4435.000000000000000,3,0.0519918,26.5650997,4.7931800,664,696879.999998999992386,4063340.000000000000000,-120.796188000000001,36.695352999999997
228,4436.000000000000000,2,0.0233067,37.8750000,4.0760598,663,696899.999998999992386,4063340.000000000000000,-120.795964999999995,36.695349000000000
229,4437.000000000000000,2,0.0322708,45.0000000,4.0446901,662,696919.999998999992386,4063340.000000000000000,-120.795741000000007,36.695345000000003
230,4438.000000000000000,3,0.0008964,37.8750000,4.0760598,661,696939.999998999992386,4063340.000000000000000,-120.795517000000004,36.695340999999999
231,4439.000000000000000,3,0.0197210,21.8013992,3.8510301,660,696959.999998999992386,4063340.000000000000000,-120.795293999999998,36.695337000000002
232,4440.000000000000000,2,0.0017928,45.0000000,4.5482702,660,696979.999998999992386,4063340.000000000000000,-120.795069999999996,36.695332000000001
233,4441.000000000000000,0,0.0376493,68.1986008,7.6675801,658,696999.999998999992386,4063340.000000000000000,-120.794846000000007,36.695328000000003
234,4507.000000000000000,0,0.0071713,180.0000000,2.8624101,670,696659.999998999992386,4063360.000000000000000,-120.798643999999996,36.695579000000002
235,4508.000000000000000,0,0.0600595,135.0000000,3.5404799,670,696679.999998999992386,4063360.000000000000000,-120.798421000000005,36.695574999999998
236,4509.000000000000000,1,0.0663344,142.1250000,4.0760598,668,696699.999998999992386,4063360.000000000000000,-120.798197000000002,36.695571000000001
237,4510.000000000000000,2,0.0080677,135.0000000,3.5404799,668,696719.999998999992386,4063360.000000000000000,-120.797972999999999,36.695565999999999
238,4511.000000000000000,2,0.0717129,90.0000000,5.0006399,666,696739.999998999992386,4063360.000000000000000,-120.797748999999996,36.695562000000002
239,4512.000000000000000,0,0.0089641,69.4440002,6.0960798,664,696759.999998999992386,4063360.000000000000000,-120.797526000000005,36.695557999999998
240,4513.000000000000000,1,0.0403385,50.7106018,5.0762100,662,696779.999998999992386,4063360.000000000000000,-120.797302000000002,36.695554000000001
241,4514.000000000000000,0,0.0000000,18.4349003,4.5202298,661,696799.999998999992386,4063360.000000000000000,-120.797077999999999,36.695549999999997
242,4515.000000000000000,0,0.0600595,352.8750000,5.7547402,661,696819.999998999992386,4063360.000000000000000,-120.796854999999994,36.695546000000000
243,4516.000000000000000,3,0.0035856,345.2560120,7.0004802,662,696839.999998999992386,4063360.000000000000000,-120.796631000000005,36.695542000000003
244,4517.000000000000000,2,0.0304780,356.9869995,6.7814498,662,696859.999998999992386,4063360.000000000000000,-120.796407000000002,36.695537000000002
245,4518.000000000000000,0,0.0295816,7.1250200,5.7547402,662,696879.999998999992386,4063360.000000000000000,-120.796182999999999,36.695532999999998
246,4519.000000000000000,5,0.0143426,18.4349003,4.5202298,662,696899.999998999992386,4063360.000000000000000,-120.795959999999994,36.695529000000001
247,4520.000000000000000,1,0.0026892,37.8750000,4.0760598,661,696919.999998999992386,4063360.000000000000000,-120.795736000000005,36.695525000000004
248,4521.000000000000000,4,0.0008964,45.0000000,4.0446901,660,696939.999998999992386,4063360.000000000000000,-120.795512000000002,36.695520999999999
249,4522.000000000000000,1,0.0000000,26.5650997,3.1996000,659,696959.999998999992386,4063360.000000000000000,-120.795287999999999,36.695517000000002
250,4523.000000000000000,1,0.0000000,45.0000000,4.0446901,659,696979.999998999992386,4063360.000000000000000,-120.795064999999994,36.695512999999998
251,4590.000000000000000,0,0.0134462,18.4349003,3.3932500,670,696659.999998999992386,4063380.000000000000000,-120.798638999999994,36.695759000000002
252,4591.000000000000000,0,0.0000000,30.9638004,4.1687398,669,696679.999998999992386,4063380.000000000000000,-120.798415000000006,36.695754999999998
253,4592.000000000000000,2,0.0968124,29.0545998,3.6817801,669,696699.999998999992386,4063380.000000000000000,-120.798192000000000,36.695751000000001
254,4593.000000000000000,0,0.0224103,51.3401985,4.5761399,668,696719.999998999992386,4063380.000000000000000,-120.797967999999997,36.695746999999997
255,4594.000000000000000,2,0.0788841,66.0374985,7.0184102,666,696739.999998999992386,4063380.000000000000000,-120.797743999999994,36.695742000000003
256,4595.000000000000000,4,0.0295816,66.0374985,7.0184102,663,696759.999998999992386,4063380.000000000000000,-120.797521000000003,36.695737999999999
257,4596.000000000000000,0,0.0770913,56.3098984,5.1506500,661,696779.999998999992386,4063380.000000000000000,-120.797297000000000,36.695734000000002
258,4597.000000000000000,0,0.0044820,37.8750000,4.0760598,660,696799.999998999992386,4063380.000000000000000,-120.797072999999997,36.695729999999998
259,4598.000000000000000,5,0.0564739,12.9946003,4.7666001,659,696819.999998999992386,4063380.000000000000000,-120.796848999999995,36.695726000000001
260,4599.000000000000000,1,0.0098605,349.9920044,6.1579199,659,696839.999998999992386,4063380.000000000000000,-120.796626000000003,36.695722000000004
261,4600.000000000000000,1,0.0340636,349.9920044,6.1579199,660,696859.999998999992386,4063380.000000000000000,-120.796402000000000,36.695717999999999
262,4601.000000000000000,2,0.0107569,0.0000000,5.7105899,660,696879.999998999992386,4063380.000000000000000,-120.796177999999998,36.695712999999998
263,4602.000000000000000,5,0.0161354,3.8140700,5.3676400,660,696899.999998999992386,4063380.000000000000000,-120.795953999999995,36.695709000000001
264,4603.000000000000000,3,0.0134462,18.4349003,4.5202298,660,696919.999998999992386,4063380.000000000000000,-120.795731000000004,36.695704999999997
265,4604.000000000000000,0,0.0062749,37.8750000,4.0760598,659,696939.999998999992386,4063380.000000000000000,-120.795507000000001,36.695701000000000
266,4672.000000000000000,0,0.0000000,15.2551003,4.0760598,668,696639.999998999992386,4063400.000000000000000,-120.798857999999996,36.695943000000000
267,4673.000000000000000,0,0.0358564,18.4349003,5.6437101,668,696659.999998999992386,4063400.000000000000000,-120.798634000000007,36.695939000000003
268,4674.000000000000000,0,0.0233067,22.3801003,6.5548201,667,696679.999998999992386,4063400.000000000000000,-120.798410000000004,36.695934999999999
269,4675.000000000000000,3,0.0627488,12.5288000,6.5740099,666,696699.999998999992386,4063400.000000000000000,-120.798186999999999,36.695931000000002
270,4676.000000000000000,3,0.0573703,26.5650997,6.3793702,666,696719.999998999992386,4063400.000000000000000,-120.797962999999996,36.695926999999998
271,4677.000000000000000,1,0.0806770,52.5946007,7.6184301,664,696739.999998999992386,4063400.000000000000000,-120.797739000000007,36.695923000000001
272,4678.000000000000000,1,0.0008964,56.3098984,7.7001600,662,696759.999998999992386,4063400.000000000000000,-120.797515000000004,36.695917999999999
273,4679.000000000000000,0,0.0161354,45.0000000,6.0545001,660,696779.999998999992386,4063400.000000000000000,-120.797291999999999,36.695914000000002
274,4680.000000000000000,5,0.0322708,32.4711990,4.6587400,659,696799.999998999992386,4063400.000000000000000,-120.797067999999996,36.695909999999998
275,4681.000000000000000,4,0.0044820,30.9638004,4.1687398,658,696819.999998999992386,4063400.000000000000000,-120.796843999999993,36.695906000000001
276,4682.000000000000000,3,0.0752985,0.0000000,4.2891502,657,696839.999998999992386,4063400.000000000000000,-120.796621000000002,36.695901999999997
277,4683.000000000000000,4,0.0188246,348.6900024,5.4612598,658,696859.999998999992386,4063400.000000000000000,-120.796396999999999,36.695898000000000
278,4684.000000000000000,3,0.0224103,0.0000000,5.7105899,658,696879.999998999992386,4063400.000000000000000,-120.796172999999996,36.695894000000003
279,4685.000000000000000,3,0.0295816,356.1860046,5.3676400,658,696899.999998999992386,4063400.000000000000000,-120.795948999999993,36.695889000000001
280,4686.000000000000000,3,0.0026892,0.0000000,4.2891502,658,696919.999998999992386,4063400.000000000000000,-120.795726000000002,36.695884999999997
281,4754.000000000000000,0,0.0000000,21.8013992,3.8510301,668,696619.999998999992386,4063420.000000000000000,-120.799075999999999,36.696128000000002
282,4755.000000000000000,0,0.0053785,30.9638004,4.1687398,667,696639.999998999992386,4063420.000000000000000,-120.798852999999994,36.696123000000000
283,4756.000000000000000,2,0.0501990,32.4711990,4.6587400,666,696659.999998999992386,4063420.000000000000000,-120.798629000000005,36.696119000000003
284,4757.000000000000000,1,0.0457169,33.6901016,5.1506500,665,696679.999998999992386,4063420.000000000000000,-120.798405000000002,36.696114999999999
285,4758.000000000000000,1,0.0788841,18.4349003,4.5202298,664,696699.999998999992386,4063420.000000000000000,-120.798181000000000,36.696111000000002
286,4759.000000000000000,3,0.0430277,26.5650997,4.7931800,664,696719.999998999992386,4063420.000000000000000,-120.797957999999994,36.696106999999998
287,4760.000000000000000,2,0.0457169,52.5946007,7.6184301,663,696739.999998999992386,4063420.000000000000000,-120.797734000000005,36.696103000000001
288,4761.000000000000000,2,0.0331672,51.3401985,9.0946398,660,696759.999998999992386,4063420.000000000000000,-120.797510000000003,36.696098999999997
289,4762.000000000000000,1,0.0125498,34.3802986,8.1878500,658,696779.999998999992386,4063420.000000000000000,-120.797286999999997,36.696094000000002
290,4763.000000000000000,2,0.0179282,12.5288000,6.5740099,657,696799.999998999992386,4063420.000000000000000,-120.797062999999994,36.696089999999998
291,4764.000000000000000,4,0.0385457,9.4623203,4.3480902,657,696819.999998999992386,4063420.000000000000000,-120.796839000000006,36.696086000000001
292,4765.000000000000000,4,0.0555775,14.0361996,2.9503500,656,696839.999998999992386,4063420.000000000000000,-120.796615000000003,36.696081999999997
293,4766.000000000000000,2,0.0215139,0.0000000,3.5763299,656,696859.999998999992386,4063420.000000000000000,-120.796391999999997,36.696078000000000
294,4767.000000000000000,2,0.0000000,0.0000000,4.2891502,656,696879.999998999992386,4063420.000000000000000,-120.796167999999994,36.696074000000003
295,4768.000000000000000,2,0.0250995,344.7449951,4.0760598,656,696899.999998999992386,4063420.000000000000000,-120.795944000000006,36.696069999999999
296,4769.000000000000000,1,0.0017928,341.5650024,3.3932500,657,696919.999998999992386,4063420.000000000000000,-120.795720000000003,36.696064999999997
297,4836.000000000000000,0,0.0143426,21.8013992,3.8510301,667,696599.999998999992386,4063440.000000000000000,-120.799295000000001,36.696311999999999
298,4837.000000000000000,0,0.0000000,15.2551003,4.0760598,666,696619.999998999992386,4063440.000000000000000,-120.799070999999998,36.696308000000002
299,4838.000000000000000,3,0.0322708,29.0545998,3.6817801,666,696639.999998999992386,4063440.000000000000000,-120.798846999999995,36.696303999999998
300,4839.000000000000000,1,0.0000000,45.0000000,4.0446901,665,696659.999998999992386,4063440.000000000000000,-120.798624000000004,36.696300000000001
301,4840.000000000000000,1,0.0259959,45.0000000,4.0446901,664,696679.999998999992386,4063440.000000000000000,-120.798400000000001,36.696294999999999
302,4841.000000000000000,4,0.0690236,30.9638004,4.1687398,663,696699.999998999992386,4063440.000000000000000,-120.798175999999998,36.696291000000002
303,4842.000000000000000,4,0.0466134,32.0054016,6.7255301,663,696719.999998999992386,4063440.000000000000000,-120.797953000000007,36.696286999999998
304,4843.000000000000000,3,0.0770913,42.2737007,10.5270004,661,696739.999998999992386,4063440.000000000000000,-120.797729000000004,36.696283000000001
305,4844.000000000000000,2,0.0179282,42.5103989,11.5017996,658,696759.999998999992386,4063440.000000000000000,-120.797505000000001,36.696278999999997
306,4845.000000000000000,2,0.0044820,29.4759007,9.3762503,655,696779.999998999992386,4063440.000000000000000,-120.797280999999998,36.696275000000000
307,4846.000000000000000,3,0.0017928,0.0000000,7.1250200,654,696799.999998999992386,4063440.000000000000000,-120.797058000000007,36.696271000000003
308,4847.000000000000000,3,0.0170318,336.8009949,5.4380102,655,696819.999998999992386,4063440.000000000000000,-120.796834000000004,36.696266000000001
309,4848.000000000000000,3,0.0179282,0.0000000,2.8624101,656,696839.999998999992386,4063440.000000000000000,-120.796610000000001,36.696261999999997
310,4849.000000000000000,1,0.0250995,18.4349003,2.2636399,655,696859.999998999992386,4063440.000000000000000,-120.796386999999996,36.696258000000000
311,4850.000000000000000,1,0.0250995,348.6900024,1.8253300,655,696879.999998999992386,4063440.000000000000000,-120.796163000000007,36.696254000000003
312,4851.000000000000000,0,0.0466134,315.0000000,2.0248699,655,696899.999998999992386,4063440.000000000000000,-120.795939000000004,36.696249999999999
313,4918.000000000000000,0,0.0000000,66.8013992,5.4380102,667,696579.999998999992386,4063460.000000000000000,-120.799514000000002,36.696496000000003
314,4919.000000000000000,1,0.0259959,37.8750000,4.0760598,665,696599.999998999992386,4063460.000000000000000,-120.799289999999999,36.696491999999999
315,4920.000000000000000,1,0.0403385,6.3401899,3.2392700,665,696619.999998999992386,4063460.000000000000000,-120.799065999999996,36.696488000000002
316,4921.000000000000000,2,0.0313744,23.1986008,2.7251401,665,696639.999998999992386,4063460.000000000000000,-120.798841999999993,36.696483999999998
317,4922.000000000000000,1,0.0340636,54.4622993,3.0775199,664,696659.999998999992386,4063460.000000000000000,-120.798619000000002,36.696480000000001
318,4923.000000000000000,4,0.0636452,63.4348984,3.1996000,663,696679.999998999992386,4063460.000000000000000,-120.798394999999999,36.696475999999997
319,4924.000000000000000,0,0.0313744,55.3047981,5.6437101,662,696699.999998999992386,4063460.000000000000000,-120.798170999999996,36.696471000000003
320,4925.000000000000000,2,0.0098605,45.0000000,10.5152998,660,696719.999998999992386,4063460.000000000000000,-120.797946999999994,36.696466999999998
321,4926.000000000000000,3,0.0510954,38.8844986,13.9771004,657,696739.999998999992386,4063460.000000000000000,-120.797724000000002,36.696463000000001
322,4927.000000000000000,3,0.0268923,32.0054016,13.2707005,654,696759.999998999992386,4063460.000000000000000,-120.797499999999999,36.696458999999997
323,4928.000000000000000,2,0.0224103,14.0361996,8.7892704,652,696779.999998999992386,4063460.000000000000000,-120.797275999999997,36.696455000000000
324,4929.000000000000000,3,0.0143426,336.8009949,5.4380102,652,696799.999998999992386,4063460.000000000000000,-120.797053000000005,36.696451000000003
325,4930.000000000000000,0,0.0206174,303.6900024,5.1506500,653,696819.999998999992386,4063460.000000000000000,-120.796829000000002,36.696446999999999
326,4931.000000000000000,1,0.0000000,329.0360107,2.0871301,655,696839.999998999992386,4063460.000000000000000,-120.796605000000000,36.696441999999998
327,4932.000000000000000,3,0.0080677,26.5650997,1.6010500,654,696859.999998999992386,4063460.000000000000000,-120.796380999999997,36.696438000000001
328,4933.000000000000000,0,0.0376493,315.0000000,1.5189300,655,696879.999998999992386,4063460.000000000000000,-120.796158000000005,36.696434000000004
329,5001.000000000000000,0,0.0349600,69.4440002,6.0960798,666,696579.999998999992386,4063480.000000000000000,-120.799508000000003,36.696675999999997
330,5002.000000000000000,3,0.0170318,53.1301003,3.5763299,664,696599.999998999992386,4063480.000000000000000,-120.799284999999998,36.696672000000000
331,5003.000000000000000,3,0.0475098,14.0361996,2.9503500,664,696619.999998999992386,4063480.000000000000000,-120.799060999999995,36.696668000000003
332,5004.000000000000000,0,0.0188246,6.3401899,3.2392700,664,696639.999998999992386,4063480.000000000000000,-120.798837000000006,36.696663999999998
333,5005.000000000000000,0,0.0304780,30.9638004,2.0871301,664,696659.999998999992386,4063480.000000000000000,-120.798613000000003,36.696660000000001
334,5006.000000000000000,2,0.0259959,81.8699036,2.5304899,663,696679.999998999992386,4063480.000000000000000,-120.798389999999998,36.696655999999997
335,5007.000000000000000,4,0.0457169,79.6951981,7.9558001,662,696699.999998999992386,4063480.000000000000000,-120.798165999999995,36.696652000000000
336,5008.000000000000000,1,0.0797806,66.8013992,13.3868999,657,696719.999998999992386,4063480.000000000000000,-120.797942000000006,36.696646999999999
337,5009.000000000000000,0,0.0008964,51.1155014,13.9771004,653,696739.999998999992386,4063480.000000000000000,-120.797719000000001,36.696643000000002
338,5012.000000000000000,3,0.0017928,310.9140015,7.0719199,651,696799.999998999992386,4063480.000000000000000,-120.797047000000006,36.696630999999996
339,5013.000000000000000,3,0.0493026,290.5559998,6.0960798,653,696819.999998999992386,4063480.000000000000000,-120.796824000000001,36.696626999999999
340,5014.000000000000000,0,0.0161354,315.0000000,2.0248699,655,696839.999998999992386,4063480.000000000000000,-120.796599999999998,36.696623000000002
341,5015.000000000000000,0,0.0627488,26.5650997,1.6010500,654,696859.999998999992386,4063480.000000000000000,-120.796375999999995,36.696618000000001
342,5083.000000000000000,0,0.0053785,59.0362015,6.2393899,668,696559.999998999992386,4063500.000000000000000,-120.799727000000004,36.696860999999998
343,5084.000000000000000,1,0.0501990,64.9831009,5.9065700,665,696579.999998999992386,4063500.000000000000000,-120.799503000000001,36.696857000000001
344,5085.000000000000000,1,0.0000000,53.1301003,3.5763299,664,696599.999998999992386,4063500.000000000000000,-120.799279999999996,36.696852000000000
345,5086.000000000000000,4,0.0573703,36.8698997,3.5763299,663,696619.999998999992386,4063500.000000000000000,-120.799055999999993,36.696848000000003
346,5087.000000000000000,4,0.0412349,0.0000000,3.5763299,662,696639.999998999992386,4063500.000000000000000,-120.798832000000004,36.696843999999999
347,5088.000000000000000,1,0.0152390,336.8009949,2.7251401,663,696659.999998999992386,4063500.000000000000000,-120.798608000000002,36.696840000000002
348,5089.000000000000000,2,0.0053785,63.4348984,1.6010500,663,696679.999998999992386,4063500.000000000000000,-120.798384999999996,36.696835999999998
349,5090.000000000000000,2,0.0528882,87.8788986,9.5848703,662,696699.999998999992386,4063500.000000000000000,-120.798160999999993,36.696832000000001
350,5091.000000000000000,3,0.0501990,83.6597977,15.8004999,656,696719.999998999992386,4063500.000000000000000,-120.797937000000005,36.696827999999996
351,5095.000000000000000,2,0.0062749,300.9639893,8.2938099,649,696799.999998999992386,4063500.000000000000000,-120.797042000000005,36.696810999999997
352,5096.000000000000000,1,0.0098605,307.4049988,7.6184301,652,696819.999998999992386,4063500.000000000000000,-120.796818999999999,36.696807000000000
353,5097.000000000000000,0,0.0233067,338.9620056,4.9751902,654,696839.999998999992386,4063500.000000000000000,-120.796594999999996,36.696803000000003
354,5165.000000000000000,0,0.0197210,0.0000000,6.4187899,667,696539.999998999992386,4063520.000000000000000,-120.799946000000006,36.697045000000003
355,5166.000000000000000,2,0.0017928,45.0000000,5.0511498,666,696559.999998999992386,4063520.000000000000000,-120.799722000000003,36.697040999999999
356,5167.000000000000000,1,0.0493026,68.9625015,4.9751902,664,696579.999998999992386,4063520.000000000000000,-120.799498000000000,36.697037000000002
357,5168.000000000000000,1,0.0663344,63.4348984,3.1996000,663,696599.999998999992386,4063520.000000000000000,-120.799273999999997,36.697032999999998
358,5169.000000000000000,1,0.0000000,63.4348984,3.1996000,662,696619.999998999992386,4063520.000000000000000,-120.799051000000006,36.697028000000003
359,5170.000000000000000,0,0.0026892,11.3099003,1.8253300,661,696639.999998999992386,4063520.000000000000000,-120.798827000000003,36.697023999999999
360,5171.000000000000000,1,0.0233067,324.4620056,3.0775199,662,696659.999998999992386,4063520.000000000000000,-120.798603000000000,36.697020000000002
361,5172.000000000000000,2,0.0224103,14.0361996,2.9503500,663,696679.999998999992386,4063520.000000000000000,-120.798378999999997,36.697015999999998
362,5173.000000000000000,1,0.0349600,72.7584991,10.7456999,662,696699.999998999992386,4063520.000000000000000,-120.798156000000006,36.697012000000001
363,5174.000000000000000,0,0.0206174,77.3473969,17.4256001,656,696719.999998999992386,4063520.000000000000000,-120.797932000000003,36.697007999999997
364,5247.000000000000000,1,0.0475098,351.8699951,7.5523701,663,696519.999998999992386,4063540.000000000000000,-120.800163999999995,36.697229000000000
365,5248.000000000000000,0,0.0340636,336.0379944,7.0184102,664,696539.999998999992386,4063540.000000000000000,-120.799940000000007,36.697225000000003
366,5249.000000000000000,3,0.0654380,11.3099003,3.6469700,666,696559.999998999992386,4063540.000000000000000,-120.799717000000001,36.697220999999999
367,5250.000000000000000,2,0.0286851,68.1986008,3.8510301,664,696579.999998999992386,4063540.000000000000000,-120.799492999999998,36.697217000000002
368,5251.000000000000000,1,0.1290830,81.8699036,2.5304899,663,696599.999998999992386,4063540.000000000000000,-120.799268999999995,36.697212999999998
369,5252.000000000000000,0,0.0017928,90.0000000,2.8624101,662,696619.999998999992386,4063540.000000000000000,-120.799046000000004,36.697209000000001
370,5253.000000000000000,2,0.0421313,63.4348984,1.6010500,661,696639.999998999992386,4063540.000000000000000,-120.798822000000001,36.697203999999999
371,5254.000000000000000,3,0.0188246,0.0000000,2.8624101,661,696659.999998999992386,4063540.000000000000000,-120.798597999999998,36.697200000000002
372,5255.000000000000000,1,0.0035856,20.5559998,6.0960798,661,696679.999998999992386,4063540.000000000000000,-120.798373999999995,36.697195999999998
373,5256.000000000000000,0,0.0179282,55.1246986,14.1118002,660,696699.999998999992386,4063540.000000000000000,-120.798151000000004,36.697192000000001
374,5329.000000000000000,1,0.0331672,54.4622993,3.0775199,662,696499.999998999992386,4063560.000000000000000,-120.800382999999997,36.697414000000002
375,5330.000000000000000,4,0.0493026,0.0000000,2.8624101,661,696519.999998999992386,4063560.000000000000000,-120.800158999999994,36.697409000000000
376,5331.000000000000000,4,0.0860554,325.3049927,5.6437101,662,696539.999998999992386,4063560.000000000000000,-120.799935000000005,36.697405000000003
377,5332.000000000000000,2,0.0125498,348.6900024,5.4612598,664,696559.999998999992386,4063560.000000000000000,-120.799712000000000,36.697400999999999
378,5333.000000000000000,0,0.0304780,21.8013992,3.8510301,663,696579.999998999992386,4063560.000000000000000,-120.799487999999997,36.697397000000002
379,5334.000000000000000,4,0.0071713,45.0000000,2.0248699,663,696599.999998999992386,4063560.000000000000000,-120.799263999999994,36.697392999999998
380,5335.000000000000000,2,0.0475098,81.8699036,2.5304899,662,696619.999998999992386,4063560.000000000000000,-120.799040000000005,36.697389000000001
381,5336.000000000000000,0,0.0044820,81.8699036,2.5304899,661,696639.999998999992386,4063560.000000000000000,-120.798817000000000,36.697384999999997
382,5337.000000000000000,3,0.0152390,53.1301003,3.5763299,660,696659.999998999992386,4063560.000000000000000,-120.798592999999997,36.697380000000003
383,5338.000000000000000,1,0.0304780,45.0000000,8.5453501,659,696679.999998999992386,4063560.000000000000000,-120.798368999999994,36.697375999999998
384,5412.000000000000000,3,0.0555775,53.1301003,3.5763299,662,696499.999998999992386,4063580.000000000000000,-120.800377999999995,36.697594000000002
385,5413.000000000000000,3,0.0412349,18.4349003,2.2636399,661,696519.999998999992386,4063580.000000000000000,-120.800154000000006,36.697589999999998
386,5414.000000000000000,6,0.0573703,341.5650024,3.3932500,661,696539.999998999992386,4063580.000000000000000,-120.799930000000003,36.697584999999997
387,5415.000000000000000,2,0.1003980,347.0050049,4.7666001,661,696559.999998999992386,4063580.000000000000000,-120.799706000000000,36.697581000000000
388,5416.000000000000000,1,0.0098605,350.5379944,4.3480902,662,696579.999998999992386,4063580.000000000000000,-120.799482999999995,36.697577000000003
389,5417.000000000000000,2,0.0277887,0.0000000,2.8624101,662,696599.999998999992386,4063580.000000000000000,-120.799259000000006,36.697572999999998
390,5418.000000000000000,2,0.0053785,45.0000000,2.5304899,662,696619.999998999992386,4063580.000000000000000,-120.799035000000003,36.697569000000001
391,5419.000000000000000,1,0.0107569,60.9454002,3.6817801,661,696639.999998999992386,4063580.000000000000000,-120.798811999999998,36.697564999999997
392,5420.000000000000000,1,0.0215139,57.9945984,6.7255301,660,696659.999998999992386,4063580.000000000000000,-120.798587999999995,36.697561000000000
393,5497.000000000000000,1,0.1183260,0.0000000,1.4321001,660,696539.999998999992386,4063600.000000000000000,-120.799925000000002,36.697766000000001
394,5498.000000000000000,4,0.0493026,348.6900024,1.8253300,660,696559.999998999992386,4063600.000000000000000,-120.799700999999999,36.697761999999997
395,5499.000000000000000,1,0.0098605,336.8009949,2.7251401,660,696579.999998999992386,4063600.000000000000000,-120.799477999999993,36.697757000000003
396,5500.000000000000000,0,0.0071713,345.9639893,2.9503500,661,696599.999998999992386,4063600.000000000000000,-120.799254000000005,36.697752999999999
397,5501.000000000000000,2,0.0161354,26.5650997,3.1996000,661,696619.999998999992386,4063600.000000000000000,-120.799030000000002,36.697749000000002
398,5502.000000000000000,3,0.0403385,50.7106018,5.0762100,660,696639.999998999992386,4063600.000000000000000,-120.798805999999999,36.697744999999998
399,5503.000000000000000,0,0.0233067,61.3894997,8.9016104,658,696659.999998999992386,4063600.000000000000000,-120.798582999999994,36.697741000000001
400,5579.000000000000000,0,0.0519918,333.4349976,3.1996000,660,696519.999998999992386,4063620.000000000000000,-120.800144000000003,36.697949999999999
401,5580.000000000000000,1,0.0161354,348.6900024,1.8253300,660,696539.999998999992386,4063620.000000000000000,-120.799920000000000,36.697946000000002
402,5581.000000000000000,2,0.0295816,0.0000000,1.4321001,660,696559.999998999992386,4063620.000000000000000,-120.799695999999997,36.697941999999998
403,5582.000000000000000,0,0.0304780,348.6900024,1.8253300,660,696579.999998999992386,4063620.000000000000000,-120.799471999999994,36.697938000000001
404,5583.000000000000000,3,0.0062749,351.8699951,2.5304899,660,696599.999998999992386,4063620.000000000000000,-120.799249000000003,36.697932999999999
405,5584.000000000000000,0,0.0143426,26.5650997,3.1996000,660,696619.999998999992386,4063620.000000000000000,-120.799025000000000,36.697929000000002
406,5585.000000000000000,1,0.0017928,56.3098984,5.1506500,659,696639.999998999992386,4063620.000000000000000,-120.798800999999997,36.697924999999998
407,5662.000000000000000,1,0.0170318,334.9830017,5.9065700,658,696519.999998999992386,4063640.000000000000000,-120.800138000000004,36.698129999999999
408,5663.000000000000000,3,0.0233067,341.5650024,4.5202298,659,696539.999998999992386,4063640.000000000000000,-120.799914999999999,36.698126000000002
409,5664.000000000000000,2,0.0089641,353.6600037,3.2392700,659,696559.999998999992386,4063640.000000000000000,-120.799690999999996,36.698121999999998
410,5665.000000000000000,1,0.0125498,0.0000000,2.8624101,659,696579.999998999992386,4063640.000000000000000,-120.799467000000007,36.698118000000001
411,5666.000000000000000,1,0.0000000,0.0000000,2.8624101,659,696599.999998999992386,4063640.000000000000000,-120.799244000000002,36.698113999999997
412,5667.000000000000000,1,0.0000000,26.5650997,3.1996000,659,696619.999998999992386,4063640.000000000000000,-120.799019999999999,36.698109000000002
413,5744.000000000000000,1,0.0071713,5.1944299,7.8609600,655,696499.999998999992386,4063660.000000000000000,-120.800357000000005,36.698314000000003
414,5745.000000000000000,1,0.0143426,338.1990051,7.6675801,656,696519.999998999992386,4063660.000000000000000,-120.800133000000002,36.698309999999999
415,5746.000000000000000,1,0.0017928,339.7749939,7.2126002,657,696539.999998999992386,4063660.000000000000000,-120.799909999999997,36.698306000000002
416,5747.000000000000000,1,0.0170318,345.9639893,5.8851299,658,696559.999998999992386,4063660.000000000000000,-120.799685999999994,36.698301999999998
417,5748.000000000000000,5,0.0448205,350.5379944,4.3480902,658,696579.999998999992386,4063660.000000000000000,-120.799462000000005,36.698298000000001
418,5749.000000000000000,1,0.0125498,353.6600037,3.2392700,658,696599.999998999992386,4063660.000000000000000,-120.799238000000003,36.698293999999997
419,5825.000000000000000,0,0.0250995,57.8042984,11.2776003,656,696459.999998999992386,4063680.000000000000000,-120.800798999999998,36.698503000000002
420,5826.000000000000000,2,0.0600595,38.9910011,9.5848703,653,696479.999998999992386,4063680.000000000000000,-120.800576000000007,36.698498999999998
421,5827.000000000000000,2,0.0197210,0.0000000,7.8290801,652,696499.999998999992386,4063680.000000000000000,-120.800352000000004,36.698495000000001
422,5828.000000000000000,2,0.0896411,336.8009949,8.1266499,653,696519.999998999992386,4063680.000000000000000,-120.800128000000001,36.698490000000000
423,5829.000000000000000,2,0.0250995,334.6539917,7.4857101,654,696539.999998999992386,4063680.000000000000000,-120.799903999999998,36.698486000000003
424,5831.000000000000000,1,0.0044820,338.9620056,4.9751902,656,696579.999998999992386,4063680.000000000000000,-120.799457000000004,36.698478000000001
425,5832.000000000000000,1,0.0457169,344.7449951,4.0760598,657,696599.999998999992386,4063680.000000000000000,-120.799233000000001,36.698473999999997
426,5908.000000000000000,9,0.0250995,73.8107986,11.4062996,654,696459.999998999992386,4063700.000000000000000,-120.800793999999996,36.698683000000003
427,5909.000000000000000,1,0.0367528,58.2405014,8.7751198,651,696479.999998999992386,4063700.000000000000000,-120.800571000000005,36.698678999999998
428,5910.000000000000000,0,0.0000000,3.3664601,6.0753298,649,696499.999998999992386,4063700.000000000000000,-120.800347000000002,36.698675000000001
429,5911.000000000000000,4,0.0224103,323.1300049,7.1250200,651,696519.999998999992386,4063700.000000000000000,-120.800122999999999,36.698670999999997
430,5990.000000000000000,4,0.0484062,45.0000000,5.0511498,658,696439.999998999992386,4063720.000000000000000,-120.801012999999998,36.698867000000000
431,5991.000000000000000,1,0.0035856,78.6901016,10.8249998,654,696459.999998999992386,4063720.000000000000000,-120.800788999999995,36.698863000000003
432,5992.000000000000000,4,0.0053785,78.6901016,9.0536499,650,696479.999998999992386,4063720.000000000000000,-120.800565000000006,36.698858999999999
433,5993.000000000000000,3,0.0026892,26.5650997,3.1996000,647,696499.999998999992386,4063720.000000000000000,-120.800342000000001,36.698855000000002
434,6072.000000000000000,1,0.0224103,315.0000000,5.0511498,655,696419.999998999992386,4063740.000000000000000,-120.801231000000001,36.699052000000002
435,6073.000000000000000,1,0.0555775,34.6952019,5.6437101,656,696439.999998999992386,4063740.000000000000000,-120.801007999999996,36.699047000000000
436,6074.000000000000000,4,0.0107569,65.2248993,10.1470003,653,696459.999998999992386,4063740.000000000000000,-120.800783999999993,36.699043000000003
437,6075.000000000000000,1,0.0268923,71.5650024,8.9848804,650,696479.999998999992386,4063740.000000000000000,-120.800560000000004,36.699038999999999
438,6155.000000000000000,2,0.0224103,324.4620056,3.0775199,654,696419.999998999992386,4063760.000000000000000,-120.801226000000000,36.699232000000002
439,6156.000000000000000,4,0.0026892,45.0000000,5.5532498,654,696439.999998999992386,4063760.000000000000000,-120.801002999999994,36.699227999999998
440,6157.000000000000000,2,0.0134462,63.4348984,9.5201998,651,696459.999998999992386,4063760.000000000000000,-120.800779000000006,36.699223000000003
441,6158.000000000000000,0,0.0017928,62.3540001,8.4279604,648,696479.999998999992386,4063760.000000000000000,-120.800555000000003,36.699218999999999
442,6236.000000000000000,3,0.0197210,210.9640045,2.0871301,652,696379.999998999992386,4063780.000000000000000,-120.801669000000004,36.699420000000003
443,6237.000000000000000,1,0.0026892,251.5650024,1.1322600,653,696399.999998999992386,4063780.000000000000000,-120.801445000000001,36.699415999999999
444,6238.000000000000000,1,0.0161354,0.0000000,1.4321001,653,696419.999998999992386,4063780.000000000000000,-120.801220999999998,36.699412000000002
445,6239.000000000000000,5,0.0107569,61.6991997,5.2723298,653,696439.999998999992386,4063780.000000000000000,-120.800996999999995,36.699407999999998
446,6240.000000000000000,3,0.0259959,71.5650024,8.9848804,650,696459.999998999992386,4063780.000000000000000,-120.800774000000004,36.699404000000001
447,6319.000000000000000,3,0.0224103,188.1300049,2.5304899,654,696379.999998999992386,4063800.000000000000000,-120.801664000000002,36.699599999999997
448,6320.000000000000000,3,0.0250995,153.4349976,1.6010500,653,696399.999998999992386,4063800.000000000000000,-120.801439999999999,36.699596000000000
449,6321.000000000000000,4,0.0143426,90.0000000,1.4321001,653,696419.999998999992386,4063800.000000000000000,-120.801215999999997,36.699592000000003
450,6322.000000000000000,3,0.0053785,81.8699036,5.0511498,652,696439.999998999992386,4063800.000000000000000,-120.800991999999994,36.699587999999999
451,6323.000000000000000,1,0.0017928,87.5103989,8.1878500,649,696459.999998999992386,4063800.000000000000000,-120.800769000000003,36.699584000000002
452,6402.000000000000000,3,0.0188246,180.0000000,0.7161600,654,696379.999998999992386,4063820.000000000000000,-120.801658000000003,36.699781000000002
453,6403.000000000000000,5,0.0044820,116.5650024,1.6010500,654,696399.999998999992386,4063820.000000000000000,-120.801434999999998,36.699776000000000
454,6404.000000000000000,0,0.0053785,98.1300964,2.5304899,653,696419.999998999992386,4063820.000000000000000,-120.801210999999995,36.699772000000003
455,6405.000000000000000,4,0.0053785,94.3986969,4.6587400,652,696439.999998999992386,4063820.000000000000000,-120.800987000000006,36.699767999999999
456,6486.000000000000000,2,0.0008964,63.4348984,1.6010500,654,696399.999998999992386,4063840.000000000000000,-120.801429999999996,36.699956999999998
457,6487.000000000000000,4,0.0143426,90.0000000,2.1475899,653,696419.999998999992386,4063840.000000000000000,-120.801205999999993,36.699952000000003